"Name","FullName","Length","LastWriteTime"
"columbia_tools_2ah_02.webp","C:\Users\Elliott\drywall-toolbox\products\Production\launch\launch_images\columbia_tools_2ah_02.webp","22994","5/19/2026 5:19:33 AM"
"columbia_tools_2ah_03.webp","C:\Users\Elliott\drywall-toolbox\products\Production\launch\launch_images\columbia_tools_2ah_03.webp","28926","5/19/2026 5:19:34 AM"
"columbia_tools_2ah_04.webp","C:\Users\Elliott\drywall-toolbox\products\Production\launch\launch_images\columbia_tools_2ah_04.webp","35868","5/19/2026 5:19:35 AM"
"columbia_tools_3ah_02.webp","C:\Users\Elliott\drywall-toolbox\products\Production\launch\launch_images\columbia_tools_3ah_02.webp","33742","5/19/2026 5:19:34 AM"
"columbia_tools_3ah_03.webp","C:\Users\Elliott\drywall-toolbox\products\Production\launch\launch_images\columbia_tools_3ah_03.webp","22994","5/19/2026 5:19:33 AM"
"columbia_tools_3ah_04.webp","C:\Users\Elliott\drywall-toolbox\products\Production\launch\launch_images\columbia_tools_3ah_04.webp","35868","5/19/2026 5:19:35 AM"
"columbia_tools_7cfb_02.webp","C:\Users\Elliott\drywall-toolbox\products\Production\launch\launch_images\columbia_tools_7cfb_02.webp","33808","5/19/2026 5:22:32 AM"
"columbia_tools_7cfb_03.webp","C:\Users\Elliott\drywall-toolbox\products\Production\launch\launch_images\columbia_tools_7cfb_03.webp","21578","5/19/2026 5:22:32 AM"
"columbia_tools_7cfb_04.webp","C:\Users\Elliott\drywall-toolbox\products\Production\launch\launch_images\columbia_tools_7cfb_04.webp","24894","5/19/2026 5:22:33 AM"
"columbia_tools_8cfb_02.webp","C:\Users\Elliott\drywall-toolbox\products\Production\launch\launch_images\columbia_tools_8cfb_02.webp","26804","5/19/2026 5:22:31 AM"
"columbia_tools_8cfb_03.webp","C:\Users\Elliott\drywall-toolbox\products\Production\launch\launch_images\columbia_tools_8cfb_03.webp","33808","5/19/2026 5:22:32 AM"
"columbia_tools_8cfb_04.webp","C:\Users\Elliott\drywall-toolbox\products\Production\launch\launch_images\columbia_tools_8cfb_04.webp","21578","5/19/2026 5:22:32 AM"
"columbia_tools_c1h_02.webp","C:\Users\Elliott\drywall-toolbox\products\Production\launch\launch_images\columbia_tools_c1h_02.webp","11118","5/19/2026 5:22:36 AM"
"columbia_tools_c1h_03.webp","C:\Users\Elliott\drywall-toolbox\products\Production\launch\launch_images\columbia_tools_c1h_03.webp","16740","5/19/2026 5:22:36 AM"
"columbia_tools_c1hext_02.webp","C:\Users\Elliott\drywall-toolbox\products\Production\launch\launch_images\columbia_tools_c1hext_02.webp","11118","5/19/2026 5:22:36 AM"
"columbia_tools_c1hext_03.webp","C:\Users\Elliott\drywall-toolbox\products\Production\launch\launch_images\columbia_tools_c1hext_03.webp","16740","5/19/2026 5:22:36 AM"
"columbia_tools_c1hs_01.webp","C:\Users\Elliott\drywall-toolbox\products\Production\launch\launch_images\columbia_tools_c1hs_01.webp","10368","5/19/2026 5:22:35 AM"
"columbia_tools_c1hs_02.webp","C:\Users\Elliott\drywall-toolbox\products\Production\launch\launch_images\columbia_tools_c1hs_02.webp","11118","5/19/2026 5:22:36 AM"
"columbia_tools_c1hs_03.webp","C:\Users\Elliott\drywall-toolbox\products\Production\launch\launch_images\columbia_tools_c1hs_03.webp","16740","5/19/2026 5:22:36 AM"
"columbia_tools_cbncr_02.webp","C:\Users\Elliott\drywall-toolbox\products\Production\launch\launch_images\columbia_tools_cbncr_02.webp","20516","5/19/2026 5:22:40 AM"
"columbia_tools_cbncr_03.webp","C:\Users\Elliott\drywall-toolbox\products\Production\launch\launch_images\columbia_tools_cbncr_03.webp","22194","5/19/2026 5:22:41 AM"
"columbia_tools_cext90_02.webp","C:\Users\Elliott\drywall-toolbox\products\Production\launch\launch_images\columbia_tools_cext90_02.webp","43522","5/19/2026 5:22:56 AM"
"columbia_tools_clt32_01.webp","C:\Users\Elliott\drywall-toolbox\products\Production\launch\launch_images\columbia_tools_clt32_01.webp","12734","5/19/2026 5:22:58 AM"
"columbia_tools_clt42_01.webp","C:\Users\Elliott\drywall-toolbox\products\Production\launch\launch_images\columbia_tools_clt42_01.webp","12734","5/19/2026 5:22:58 AM"
"columbia_tools_clt55_01.webp","C:\Users\Elliott\drywall-toolbox\products\Production\launch\launch_images\columbia_tools_clt55_01.webp","12734","5/19/2026 5:22:58 AM"
"columbia_tools_cmt32_01.webp","C:\Users\Elliott\drywall-toolbox\products\Production\launch\launch_images\columbia_tools_cmt32_01.webp","10256","5/19/2026 5:23:01 AM"
"columbia_tools_cmt42_01.webp","C:\Users\Elliott\drywall-toolbox\products\Production\launch\launch_images\columbia_tools_cmt42_01.webp","10256","5/19/2026 5:23:01 AM"
"columbia_tools_cmt55_01.webp","C:\Users\Elliott\drywall-toolbox\products\Production\launch\launch_images\columbia_tools_cmt55_01.webp","10256","5/19/2026 5:23:01 AM"
"columbia_tools_cobcr_02.webp","C:\Users\Elliott\drywall-toolbox\products\Production\launch\launch_images\columbia_tools_cobcr_02.webp","20516","5/19/2026 5:22:40 AM"
"columbia_tools_cobcr_03.webp","C:\Users\Elliott\drywall-toolbox\products\Production\launch\launch_images\columbia_tools_cobcr_03.webp","22194","5/19/2026 5:22:41 AM"
"columbia_tools_cobcre_02.webp","C:\Users\Elliott\drywall-toolbox\products\Production\launch\launch_images\columbia_tools_cobcre_02.webp","20578","5/19/2026 5:22:40 AM"
"columbia_tools_cobcre_03.webp","C:\Users\Elliott\drywall-toolbox\products\Production\launch\launch_images\columbia_tools_cobcre_03.webp","20516","5/19/2026 5:22:40 AM"
"columbia_tools_cobcrw_02.webp","C:\Users\Elliott\drywall-toolbox\products\Production\launch\launch_images\columbia_tools_cobcrw_02.webp","20578","5/19/2026 5:22:40 AM"
"columbia_tools_cobcrw_03.webp","C:\Users\Elliott\drywall-toolbox\products\Production\launch\launch_images\columbia_tools_cobcrw_03.webp","22194","5/19/2026 5:22:41 AM"
"columbia_tools_cs_01.webp","C:\Users\Elliott\drywall-toolbox\products\Production\launch\launch_images\columbia_tools_cs_01.webp","29380","5/19/2026 5:23:02 AM"
"columbia_tools_csh_01.webp","C:\Users\Elliott\drywall-toolbox\products\Production\launch\launch_images\columbia_tools_csh_01.webp","29380","5/19/2026 5:23:02 AM"
"columbia_tools_pcmt42_01.webp","C:\Users\Elliott\drywall-toolbox\products\Production\launch\launch_images\columbia_tools_pcmt42_01.webp","381756","5/19/2026 5:24:09 AM"
"columbia_tools_pcmt42_02.webp","C:\Users\Elliott\drywall-toolbox\products\Production\launch\launch_images\columbia_tools_pcmt42_02.webp","337098","5/19/2026 5:25:05 AM"
"columbia_tools_pcmt42_03.webp","C:\Users\Elliott\drywall-toolbox\products\Production\launch\launch_images\columbia_tools_pcmt42_03.webp","214010","5/19/2026 5:25:50 AM"
"columbia_tools_pcmt42_04.webp","C:\Users\Elliott\drywall-toolbox\products\Production\launch\launch_images\columbia_tools_pcmt42_04.webp","179044","5/19/2026 5:26:30 AM"
"columbia_tools_pcmt42_05.webp","C:\Users\Elliott\drywall-toolbox\products\Production\launch\launch_images\columbia_tools_pcmt42_05.webp","208148","5/19/2026 5:27:25 AM"
"columbia_tools_pcmt42_06.webp","C:\Users\Elliott\drywall-toolbox\products\Production\launch\launch_images\columbia_tools_pcmt42_06.webp","242070","5/19/2026 5:28:18 AM"
"columbia_tools_pcmt42_07.webp","C:\Users\Elliott\drywall-toolbox\products\Production\launch\launch_images\columbia_tools_pcmt42_07.webp","415892","5/19/2026 5:29:11 AM"
"columbia_tools_ptaper_02.webp","C:\Users\Elliott\drywall-toolbox\products\Production\launch\launch_images\columbia_tools_ptaper_02.webp","62176","5/19/2026 5:29:15 AM"
"columbia_tools_sacs_02.webp","C:\Users\Elliott\drywall-toolbox\products\Production\launch\launch_images\columbia_tools_sacs_02.webp","35972","5/19/2026 5:29:18 AM"
"columbia_tools_staper_01.webp","C:\Users\Elliott\drywall-toolbox\products\Production\launch\launch_images\columbia_tools_staper_01.webp","22936","5/19/2026 5:29:19 AM"
"columbia_tools_tws_02.webp","C:\Users\Elliott\drywall-toolbox\products\Production\launch\launch_images\columbia_tools_tws_02.webp","35972","5/19/2026 5:29:18 AM"
"level5_4_600p_5_623_01.webp","C:\Users\Elliott\drywall-toolbox\products\Production\launch\launch_images\level5_4_600p_5_623_01.webp","50388","5/31/2026 1:42:58 AM"
"level5_4_623_01.webp","C:\Users\Elliott\drywall-toolbox\products\Production\launch\launch_images\level5_4_623_01.webp","51722","5/31/2026 1:42:58 AM"
"tapetech_03tt_03.webp","C:\Users\Elliott\drywall-toolbox\products\Production\launch\launch_images\tapetech_03tt_03.webp","21048","5/19/2026 5:29:45 AM"
"tapetech_15tte_04.webp","C:\Users\Elliott\drywall-toolbox\products\Production\launch\launch_images\tapetech_15tte_04.webp","48956","5/19/2026 5:30:32 AM"
"tapetech_15tte_05.webp","C:\Users\Elliott\drywall-toolbox\products\Production\launch\launch_images\tapetech_15tte_05.webp","27996","5/19/2026 5:30:34 AM"
"tapetech_15tte_06.webp","C:\Users\Elliott\drywall-toolbox\products\Production\launch\launch_images\tapetech_15tte_06.webp","40048","5/19/2026 5:30:34 AM"
"tapetech_15tte_07.webp","C:\Users\Elliott\drywall-toolbox\products\Production\launch\launch_images\tapetech_15tte_07.webp","6888","5/19/2026 5:30:35 AM"
"tapetech_15tte_08.webp","C:\Users\Elliott\drywall-toolbox\products\Production\launch\launch_images\tapetech_15tte_08.webp","14856","5/19/2026 5:30:35 AM"
"tapetech_17tt_03.webp","C:\Users\Elliott\drywall-toolbox\products\Production\launch\launch_images\tapetech_17tt_03.webp","35808","5/19/2026 5:31:07 AM"
"tapetech_17tt_04.webp","C:\Users\Elliott\drywall-toolbox\products\Production\launch\launch_images\tapetech_17tt_04.webp","21578","5/19/2026 5:31:08 AM"
"tapetech_17tt_05.webp","C:\Users\Elliott\drywall-toolbox\products\Production\launch\launch_images\tapetech_17tt_05.webp","30606","5/19/2026 5:31:11 AM"
"tapetech_17tte_03.webp","C:\Users\Elliott\drywall-toolbox\products\Production\launch\launch_images\tapetech_17tte_03.webp","25980","5/19/2026 5:31:15 AM"
"tapetech_40xtt_02.webp","C:\Users\Elliott\drywall-toolbox\products\Production\launch\launch_images\tapetech_40xtt_02.webp","53766","5/19/2026 5:31:23 AM"
"tapetech_40xtt_03.webp","C:\Users\Elliott\drywall-toolbox\products\Production\launch\launch_images\tapetech_40xtt_03.webp","66660","5/19/2026 5:31:24 AM"
"tapetech_42tt_02.webp","C:\Users\Elliott\drywall-toolbox\products\Production\launch\launch_images\tapetech_42tt_02.webp","59466","5/19/2026 5:31:34 AM"
"tapetech_48tt_02.webp","C:\Users\Elliott\drywall-toolbox\products\Production\launch\launch_images\tapetech_48tt_02.webp","30428","5/19/2026 5:31:43 AM"
"tapetech_48xtt_02.webp","C:\Users\Elliott\drywall-toolbox\products\Production\launch\launch_images\tapetech_48xtt_02.webp","71750","5/19/2026 5:31:52 AM"
"tapetech_48xtt_03.webp","C:\Users\Elliott\drywall-toolbox\products\Production\launch\launch_images\tapetech_48xtt_03.webp","50338","5/19/2026 5:31:53 AM"
"tapetech_48xtt_04.webp","C:\Users\Elliott\drywall-toolbox\products\Production\launch\launch_images\tapetech_48xtt_04.webp","49132","5/19/2026 5:31:54 AM"
"tapetech_76tt_02.webp","C:\Users\Elliott\drywall-toolbox\products\Production\launch\launch_images\tapetech_76tt_02.webp","31014","5/19/2026 5:31:57 AM"
"tapetech_76tt_03.webp","C:\Users\Elliott\drywall-toolbox\products\Production\launch\launch_images\tapetech_76tt_03.webp","23930","5/19/2026 5:32:00 AM"
"tapetech_76tt_04.webp","C:\Users\Elliott\drywall-toolbox\products\Production\launch\launch_images\tapetech_76tt_04.webp","23820","5/19/2026 5:32:00 AM"
"tapetech_76tt_05.webp","C:\Users\Elliott\drywall-toolbox\products\Production\launch\launch_images\tapetech_76tt_05.webp","25544","5/19/2026 5:32:03 AM"
"tapetech_76xltt_02.webp","C:\Users\Elliott\drywall-toolbox\products\Production\launch\launch_images\tapetech_76xltt_02.webp","20534","5/19/2026 5:32:38 AM"
"tapetech_76xltt_03.webp","C:\Users\Elliott\drywall-toolbox\products\Production\launch\launch_images\tapetech_76xltt_03.webp","14824","5/19/2026 5:32:38 AM"
"tapetech_76xltt_04.webp","C:\Users\Elliott\drywall-toolbox\products\Production\launch\launch_images\tapetech_76xltt_04.webp","12336","5/19/2026 5:32:38 AM"
"tapetech_76xltt_05.webp","C:\Users\Elliott\drywall-toolbox\products\Production\launch\launch_images\tapetech_76xltt_05.webp","16098","5/19/2026 5:32:38 AM"
"tapetech_76xltt_06.webp","C:\Users\Elliott\drywall-toolbox\products\Production\launch\launch_images\tapetech_76xltt_06.webp","26286","5/19/2026 5:32:39 AM"
"tapetech_8000tt_02.webp","C:\Users\Elliott\drywall-toolbox\products\Production\launch\launch_images\tapetech_8000tt_02.webp","29430","5/19/2026 5:32:42 AM"
"tapetech_8000tt_03.webp","C:\Users\Elliott\drywall-toolbox\products\Production\launch\launch_images\tapetech_8000tt_03.webp","28278","5/19/2026 5:32:44 AM"
"tapetech_8000tt_04.webp","C:\Users\Elliott\drywall-toolbox\products\Production\launch\launch_images\tapetech_8000tt_04.webp","46662","5/19/2026 5:32:46 AM"
"tapetech_8000tt_05.webp","C:\Users\Elliott\drywall-toolbox\products\Production\launch\launch_images\tapetech_8000tt_05.webp","22658","5/19/2026 5:32:46 AM"
"tapetech_8000tt_06.webp","C:\Users\Elliott\drywall-toolbox\products\Production\launch\launch_images\tapetech_8000tt_06.webp","23084","5/19/2026 5:32:47 AM"
"tapetech_8000tt_07.webp","C:\Users\Elliott\drywall-toolbox\products\Production\launch\launch_images\tapetech_8000tt_07.webp","21450","5/19/2026 5:32:48 AM"
"tapetech_8000tt_08.webp","C:\Users\Elliott\drywall-toolbox\products\Production\launch\launch_images\tapetech_8000tt_08.webp","21790","5/19/2026 5:32:48 AM"
"tapetech_8034tt_02.webp","C:\Users\Elliott\drywall-toolbox\products\Production\launch\launch_images\tapetech_8034tt_02.webp","4800","5/19/2026 5:33:00 AM"
"tapetech_8034tt_03.webp","C:\Users\Elliott\drywall-toolbox\products\Production\launch\launch_images\tapetech_8034tt_03.webp","22364","5/19/2026 5:33:01 AM"
"tapetech_8042tt_02.webp","C:\Users\Elliott\drywall-toolbox\products\Production\launch\launch_images\tapetech_8042tt_02.webp","16792","5/19/2026 5:33:08 AM"
"tapetech_8042tt_03.webp","C:\Users\Elliott\drywall-toolbox\products\Production\launch\launch_images\tapetech_8042tt_03.webp","4924","5/19/2026 5:33:08 AM"
"tapetech_8042tt_04.webp","C:\Users\Elliott\drywall-toolbox\products\Production\launch\launch_images\tapetech_8042tt_04.webp","22398","5/19/2026 5:33:09 AM"
"tapetech_8054tt_02.webp","C:\Users\Elliott\drywall-toolbox\products\Production\launch\launch_images\tapetech_8054tt_02.webp","5092","5/19/2026 5:33:16 AM"
"tapetech_8054tt_03.webp","C:\Users\Elliott\drywall-toolbox\products\Production\launch\launch_images\tapetech_8054tt_03.webp","22366","5/19/2026 5:33:16 AM"
"tapetech_8072tt_02.webp","C:\Users\Elliott\drywall-toolbox\products\Production\launch\launch_images\tapetech_8072tt_02.webp","17102","5/19/2026 5:33:23 AM"
"tapetech_8072tt_03.webp","C:\Users\Elliott\drywall-toolbox\products\Production\launch\launch_images\tapetech_8072tt_03.webp","29922","5/19/2026 5:33:23 AM"
"tapetech_8134tt_02.webp","C:\Users\Elliott\drywall-toolbox\products\Production\launch\launch_images\tapetech_8134tt_02.webp","42832","5/19/2026 5:33:28 AM"
"tapetech_8134tt_03.webp","C:\Users\Elliott\drywall-toolbox\products\Production\launch\launch_images\tapetech_8134tt_03.webp","61374","5/19/2026 5:33:30 AM"
"tapetech_8134tt_04.webp","C:\Users\Elliott\drywall-toolbox\products\Production\launch\launch_images\tapetech_8134tt_04.webp","39220","5/19/2026 5:33:31 AM"
"tapetech_8134tt_05.webp","C:\Users\Elliott\drywall-toolbox\products\Production\launch\launch_images\tapetech_8134tt_05.webp","16776","5/19/2026 5:33:32 AM"
"tapetech_8134tt_06.webp","C:\Users\Elliott\drywall-toolbox\products\Production\launch\launch_images\tapetech_8134tt_06.webp","5670","5/19/2026 5:33:33 AM"
"tapetech_8142tt_02.webp","C:\Users\Elliott\drywall-toolbox\products\Production\launch\launch_images\tapetech_8142tt_02.webp","5750","5/19/2026 5:33:40 AM"
"tapetech_8142tt_03.webp","C:\Users\Elliott\drywall-toolbox\products\Production\launch\launch_images\tapetech_8142tt_03.webp","22476","5/19/2026 5:33:41 AM"
"tapetech_8154tt_02.webp","C:\Users\Elliott\drywall-toolbox\products\Production\launch\launch_images\tapetech_8154tt_02.webp","5764","5/19/2026 5:33:48 AM"
"tapetech_8154tt_03.webp","C:\Users\Elliott\drywall-toolbox\products\Production\launch\launch_images\tapetech_8154tt_03.webp","22178","5/19/2026 5:33:48 AM"
"tapetech_8172tt_02.webp","C:\Users\Elliott\drywall-toolbox\products\Production\launch\launch_images\tapetech_8172tt_02.webp","5956","5/19/2026 5:33:55 AM"
"tapetech_85t_02.webp","C:\Users\Elliott\drywall-toolbox\products\Production\launch\launch_images\tapetech_85t_02.webp","21444","5/19/2026 5:33:58 AM"
"tapetech_85xltt_03.webp","C:\Users\Elliott\drywall-toolbox\products\Production\launch\launch_images\tapetech_85xltt_03.webp","10416","5/19/2026 5:34:08 AM"
"tapetech_88tte_05.webp","C:\Users\Elliott\drywall-toolbox\products\Production\launch\launch_images\tapetech_88tte_05.webp","7028","5/19/2026 5:34:18 AM"
"tapetech_90t_03.webp","C:\Users\Elliott\drywall-toolbox\products\Production\launch\launch_images\tapetech_90t_03.webp","10272","5/19/2026 5:34:21 AM"
"tapetech_90t_04.webp","C:\Users\Elliott\drywall-toolbox\products\Production\launch\launch_images\tapetech_90t_04.webp","10354","5/19/2026 5:34:22 AM"
"tapetech_atx01tt_04.webp","C:\Users\Elliott\drywall-toolbox\products\Production\launch\launch_images\tapetech_atx01tt_04.webp","12458","5/19/2026 5:34:35 AM"
"tapetech_atx01tt_05.webp","C:\Users\Elliott\drywall-toolbox\products\Production\launch\launch_images\tapetech_atx01tt_05.webp","14616","5/19/2026 5:34:36 AM"
"tapetech_bh_03.webp","C:\Users\Elliott\drywall-toolbox\products\Production\launch\launch_images\tapetech_bh_03.webp","13900","5/19/2026 5:34:38 AM"
"tapetech_bhe_03.webp","C:\Users\Elliott\drywall-toolbox\products\Production\launch\launch_images\tapetech_bhe_03.webp","18126","5/19/2026 5:34:42 AM"
"tapetech_ca07tt_02.webp","C:\Users\Elliott\drywall-toolbox\products\Production\launch\launch_images\tapetech_ca07tt_02.webp","50768","5/19/2026 5:35:04 AM"
"tapetech_ca07tt_03.webp","C:\Users\Elliott\drywall-toolbox\products\Production\launch\launch_images\tapetech_ca07tt_03.webp","42262","5/19/2026 5:35:11 AM"
"tapetech_ca07tt_04.webp","C:\Users\Elliott\drywall-toolbox\products\Production\launch\launch_images\tapetech_ca07tt_04.webp","38542","5/19/2026 5:35:12 AM"
"tapetech_ca08tt_02.webp","C:\Users\Elliott\drywall-toolbox\products\Production\launch\launch_images\tapetech_ca08tt_02.webp","30626","5/19/2026 5:35:16 AM"
"tapetech_ca08tt_03.webp","C:\Users\Elliott\drywall-toolbox\products\Production\launch\launch_images\tapetech_ca08tt_03.webp","40690","5/19/2026 5:35:18 AM"
"tapetech_ca08tt_04.webp","C:\Users\Elliott\drywall-toolbox\products\Production\launch\launch_images\tapetech_ca08tt_04.webp","27368","5/19/2026 5:35:19 AM"
"tapetech_ca08tt_05.webp","C:\Users\Elliott\drywall-toolbox\products\Production\launch\launch_images\tapetech_ca08tt_05.webp","41600","5/19/2026 5:35:20 AM"
"tapetech_ca08tt_06.webp","C:\Users\Elliott\drywall-toolbox\products\Production\launch\launch_images\tapetech_ca08tt_06.webp","36140","5/19/2026 5:35:21 AM"
"tapetech_crollhan2_05.webp","C:\Users\Elliott\drywall-toolbox\products\Production\launch\launch_images\tapetech_crollhan2_05.webp","7902","5/19/2026 5:37:25 AM"
"tapetech_crollhan2_06.webp","C:\Users\Elliott\drywall-toolbox\products\Production\launch\launch_images\tapetech_crollhan2_06.webp","4642","5/19/2026 5:37:26 AM"
"tapetech_crollhan2_07.webp","C:\Users\Elliott\drywall-toolbox\products\Production\launch\launch_images\tapetech_crollhan2_07.webp","10196","5/19/2026 5:37:26 AM"
"tapetech_ehc07_02.webp","C:\Users\Elliott\drywall-toolbox\products\Production\launch\launch_images\tapetech_ehc07_02.webp","69438","5/19/2026 5:37:39 AM"
"tapetech_ehc07_03.webp","C:\Users\Elliott\drywall-toolbox\products\Production\launch\launch_images\tapetech_ehc07_03.webp","29464","5/19/2026 5:37:40 AM"
"tapetech_ehc10_02.webp","C:\Users\Elliott\drywall-toolbox\products\Production\launch\launch_images\tapetech_ehc10_02.webp","48110","5/19/2026 5:37:52 AM"
"tapetech_ehc10_03.webp","C:\Users\Elliott\drywall-toolbox\products\Production\launch\launch_images\tapetech_ehc10_03.webp","64066","5/19/2026 5:37:54 AM"
"tapetech_ehc10_04.webp","C:\Users\Elliott\drywall-toolbox\products\Production\launch\launch_images\tapetech_ehc10_04.webp","72242","5/19/2026 5:38:05 AM"
"tapetech_ehc12_02.webp","C:\Users\Elliott\drywall-toolbox\products\Production\launch\launch_images\tapetech_ehc12_02.webp","66376","5/19/2026 5:38:19 AM"
"tapetech_ehc12_03.webp","C:\Users\Elliott\drywall-toolbox\products\Production\launch\launch_images\tapetech_ehc12_03.webp","77792","5/19/2026 5:38:30 AM"
"tapetech_ehc12_04.webp","C:\Users\Elliott\drywall-toolbox\products\Production\launch\launch_images\tapetech_ehc12_04.webp","30286","5/19/2026 5:38:30 AM"
"tapetech_ehc12_05.webp","C:\Users\Elliott\drywall-toolbox\products\Production\launch\launch_images\tapetech_ehc12_05.webp","44342","5/19/2026 5:38:31 AM"
"tapetech_einset590_01.webp","C:\Users\Elliott\drywall-toolbox\products\Production\launch\launch_images\tapetech_einset590_01.webp","57440","4/21/2026 2:56:45 AM"
"tapetech_ez07tt_02.webp","C:\Users\Elliott\drywall-toolbox\products\Production\launch\launch_images\tapetech_ez07tt_02.webp","45278","5/19/2026 5:38:43 AM"
"tapetech_ez07tt_03.webp","C:\Users\Elliott\drywall-toolbox\products\Production\launch\launch_images\tapetech_ez07tt_03.webp","53640","5/19/2026 5:38:45 AM"
"tapetech_ez07tt_04.webp","C:\Users\Elliott\drywall-toolbox\products\Production\launch\launch_images\tapetech_ez07tt_04.webp","52212","5/19/2026 5:38:46 AM"
"tapetech_ez07tt_05.webp","C:\Users\Elliott\drywall-toolbox\products\Production\launch\launch_images\tapetech_ez07tt_05.webp","51744","5/19/2026 5:38:48 AM"
"tapetech_ez07tt_06.webp","C:\Users\Elliott\drywall-toolbox\products\Production\launch\launch_images\tapetech_ez07tt_06.webp","52972","5/19/2026 5:38:49 AM"
"tapetech_ez07tt_07.webp","C:\Users\Elliott\drywall-toolbox\products\Production\launch\launch_images\tapetech_ez07tt_07.webp","65700","5/19/2026 5:38:50 AM"
"tapetech_ez07tt_08.webp","C:\Users\Elliott\drywall-toolbox\products\Production\launch\launch_images\tapetech_ez07tt_08.webp","44730","5/19/2026 5:38:51 AM"
"tapetech_ez07tt_09.webp","C:\Users\Elliott\drywall-toolbox\products\Production\launch\launch_images\tapetech_ez07tt_09.webp","45978","5/19/2026 5:38:51 AM"
"tapetech_ez10tt_02.webp","C:\Users\Elliott\drywall-toolbox\products\Production\launch\launch_images\tapetech_ez10tt_02.webp","79588","5/19/2026 5:39:01 AM"
"tapetech_ez10tt_03.webp","C:\Users\Elliott\drywall-toolbox\products\Production\launch\launch_images\tapetech_ez10tt_03.webp","66226","5/19/2026 5:39:06 AM"
"tapetech_ez10tt_04.webp","C:\Users\Elliott\drywall-toolbox\products\Production\launch\launch_images\tapetech_ez10tt_04.webp","75740","5/19/2026 5:39:12 AM"
"tapetech_ez10tt_05.webp","C:\Users\Elliott\drywall-toolbox\products\Production\launch\launch_images\tapetech_ez10tt_05.webp","70730","5/19/2026 5:39:13 AM"
"tapetech_ez10tt_06.webp","C:\Users\Elliott\drywall-toolbox\products\Production\launch\launch_images\tapetech_ez10tt_06.webp","57644","5/19/2026 5:39:14 AM"
"tapetech_ez12tt_02.webp","C:\Users\Elliott\drywall-toolbox\products\Production\launch\launch_images\tapetech_ez12tt_02.webp","65076","5/19/2026 5:39:26 AM"
"tapetech_ez12tt_03.webp","C:\Users\Elliott\drywall-toolbox\products\Production\launch\launch_images\tapetech_ez12tt_03.webp","54912","5/19/2026 5:39:28 AM"
"tapetech_ez12tt_04.webp","C:\Users\Elliott\drywall-toolbox\products\Production\launch\launch_images\tapetech_ez12tt_04.webp","58690","5/19/2026 5:39:30 AM"
"tapetech_ez12tt_05.webp","C:\Users\Elliott\drywall-toolbox\products\Production\launch\launch_images\tapetech_ez12tt_05.webp","69286","5/19/2026 5:39:35 AM"
"tapetech_ez12tt_06.webp","C:\Users\Elliott\drywall-toolbox\products\Production\launch\launch_images\tapetech_ez12tt_06.webp","62810","5/19/2026 5:39:36 AM"
"tapetech_ez12tt_07.webp","C:\Users\Elliott\drywall-toolbox\products\Production\launch\launch_images\tapetech_ez12tt_07.webp","42240","5/19/2026 5:39:36 AM"
"tapetech_ez12tt_08.webp","C:\Users\Elliott\drywall-toolbox\products\Production\launch\launch_images\tapetech_ez12tt_08.webp","53588","5/19/2026 5:39:37 AM"
"tapetech_ez12tt_09.webp","C:\Users\Elliott\drywall-toolbox\products\Production\launch\launch_images\tapetech_ez12tt_09.webp","57742","5/19/2026 5:39:38 AM"
"tapetech_ez15tt_02.webp","C:\Users\Elliott\drywall-toolbox\products\Production\launch\launch_images\tapetech_ez15tt_02.webp","38274","5/19/2026 5:39:42 AM"
"tapetech_ez15tt_03.webp","C:\Users\Elliott\drywall-toolbox\products\Production\launch\launch_images\tapetech_ez15tt_03.webp","61224","5/19/2026 5:39:44 AM"
"tapetech_ez15tt_04.webp","C:\Users\Elliott\drywall-toolbox\products\Production\launch\launch_images\tapetech_ez15tt_04.webp","55014","5/19/2026 5:39:45 AM"
"tapetech_ez15tt_05.webp","C:\Users\Elliott\drywall-toolbox\products\Production\launch\launch_images\tapetech_ez15tt_05.webp","56360","5/19/2026 5:39:47 AM"
"tapetech_ez15tt_06.webp","C:\Users\Elliott\drywall-toolbox\products\Production\launch\launch_images\tapetech_ez15tt_06.webp","57666","5/19/2026 5:39:48 AM"
"tapetech_ez15tt_07.webp","C:\Users\Elliott\drywall-toolbox\products\Production\launch\launch_images\tapetech_ez15tt_07.webp","77614","5/19/2026 5:39:55 AM"
"tapetech_ez15tt_08.webp","C:\Users\Elliott\drywall-toolbox\products\Production\launch\launch_images\tapetech_ez15tt_08.webp","31836","5/19/2026 5:39:56 AM"
"tapetech_ez15tt_09.webp","C:\Users\Elliott\drywall-toolbox\products\Production\launch\launch_images\tapetech_ez15tt_09.webp","21998","5/19/2026 5:39:56 AM"
"tapetech_ez15tt_10.webp","C:\Users\Elliott\drywall-toolbox\products\Production\launch\launch_images\tapetech_ez15tt_10.webp","15608","5/19/2026 5:39:56 AM"
"tapetech_ez15tt_11.webp","C:\Users\Elliott\drywall-toolbox\products\Production\launch\launch_images\tapetech_ez15tt_11.webp","37250","5/19/2026 5:39:57 AM"
"tapetech_fhtt_07.webp","C:\Users\Elliott\drywall-toolbox\products\Production\launch\launch_images\tapetech_fhtt_07.webp","14578","5/19/2026 5:40:12 AM"
"tapetech_fhtt_08.webp","C:\Users\Elliott\drywall-toolbox\products\Production\launch\launch_images\tapetech_fhtt_08.webp","13016","5/19/2026 5:40:12 AM"
"tapetech_fhtt_09.webp","C:\Users\Elliott\drywall-toolbox\products\Production\launch\launch_images\tapetech_fhtt_09.webp","23426","5/19/2026 5:40:13 AM"
"tapetech_mp12sstt_01.webp","C:\Users\Elliott\drywall-toolbox\products\Production\launch\launch_images\tapetech_mp12sstt_01.webp","3604","5/20/2026 4:55:03 AM"
"tapetech_mp12tt_01.webp","C:\Users\Elliott\drywall-toolbox\products\Production\launch\launch_images\tapetech_mp12tt_01.webp","38638","5/11/2026 8:34:43 PM"
"tapetech_mp12tt_02.webp","C:\Users\Elliott\drywall-toolbox\products\Production\launch\launch_images\tapetech_mp12tt_02.webp","65462","5/11/2026 8:34:43 PM"
"tapetech_mp12tt_03.webp","C:\Users\Elliott\drywall-toolbox\products\Production\launch\launch_images\tapetech_mp12tt_03.webp","23324","5/11/2026 8:34:43 PM"
"tapetech_mp14sstt_01.webp","C:\Users\Elliott\drywall-toolbox\products\Production\launch\launch_images\tapetech_mp14sstt_01.webp","3604","5/20/2026 4:55:03 AM"
"tapetech_mp14tt_01.webp","C:\Users\Elliott\drywall-toolbox\products\Production\launch\launch_images\tapetech_mp14tt_01.webp","31314","5/11/2026 8:34:43 PM"
"tapetech_ns02tt_02.webp","C:\Users\Elliott\drywall-toolbox\products\Production\launch\launch_images\tapetech_ns02tt_02.webp","51696","5/19/2026 5:41:33 AM"
"tapetech_ns02tt_03.webp","C:\Users\Elliott\drywall-toolbox\products\Production\launch\launch_images\tapetech_ns02tt_03.webp","44410","5/19/2026 5:41:35 AM"
"tapetech_ns02tt_04.webp","C:\Users\Elliott\drywall-toolbox\products\Production\launch\launch_images\tapetech_ns02tt_04.webp","73958","5/19/2026 5:41:35 AM"
"tapetech_ns02tt_05.webp","C:\Users\Elliott\drywall-toolbox\products\Production\launch\launch_images\tapetech_ns02tt_05.webp","28532","5/19/2026 5:41:36 AM"
"tapetech_ns03tt_02.webp","C:\Users\Elliott\drywall-toolbox\products\Production\launch\launch_images\tapetech_ns03tt_02.webp","51800","5/19/2026 5:41:51 AM"
"tapetech_ns03tt_03.webp","C:\Users\Elliott\drywall-toolbox\products\Production\launch\launch_images\tapetech_ns03tt_03.webp","40826","5/19/2026 5:41:52 AM"
"tapetech_ns03tt_04.webp","C:\Users\Elliott\drywall-toolbox\products\Production\launch\launch_images\tapetech_ns03tt_04.webp","46720","5/19/2026 5:41:52 AM"
"tapetech_pahc07_02.webp","C:\Users\Elliott\drywall-toolbox\products\Production\launch\launch_images\tapetech_pahc07_02.webp","101320","5/19/2026 5:42:15 AM"
"tapetech_pahc07_03.webp","C:\Users\Elliott\drywall-toolbox\products\Production\launch\launch_images\tapetech_pahc07_03.webp","80200","5/19/2026 5:42:22 AM"
"tapetech_pahc07_04.webp","C:\Users\Elliott\drywall-toolbox\products\Production\launch\launch_images\tapetech_pahc07_04.webp","32540","5/19/2026 5:42:22 AM"
"tapetech_pahc07_05.webp","C:\Users\Elliott\drywall-toolbox\products\Production\launch\launch_images\tapetech_pahc07_05.webp","43896","5/19/2026 5:42:23 AM"
"tapetech_pahc07_06.webp","C:\Users\Elliott\drywall-toolbox\products\Production\launch\launch_images\tapetech_pahc07_06.webp","53784","5/19/2026 5:42:23 AM"
"tapetech_pahc07_07.webp","C:\Users\Elliott\drywall-toolbox\products\Production\launch\launch_images\tapetech_pahc07_07.webp","24044","5/19/2026 5:42:25 AM"
"tapetech_pahc10_02.webp","C:\Users\Elliott\drywall-toolbox\products\Production\launch\launch_images\tapetech_pahc10_02.webp","109822","5/19/2026 5:42:38 AM"
"tapetech_pahc10_03.webp","C:\Users\Elliott\drywall-toolbox\products\Production\launch\launch_images\tapetech_pahc10_03.webp","102250","5/19/2026 5:42:40 AM"
"tapetech_pahc10_04.webp","C:\Users\Elliott\drywall-toolbox\products\Production\launch\launch_images\tapetech_pahc10_04.webp","92352","5/19/2026 5:42:51 AM"
"tapetech_pahc10_05.webp","C:\Users\Elliott\drywall-toolbox\products\Production\launch\launch_images\tapetech_pahc10_05.webp","36834","5/19/2026 5:42:51 AM"
"tapetech_pahc10_06.webp","C:\Users\Elliott\drywall-toolbox\products\Production\launch\launch_images\tapetech_pahc10_06.webp","63654","5/19/2026 5:42:52 AM"
"tapetech_pahc10_07.webp","C:\Users\Elliott\drywall-toolbox\products\Production\launch\launch_images\tapetech_pahc10_07.webp","43772","5/19/2026 5:42:53 AM"
"tapetech_pahc10_08.webp","C:\Users\Elliott\drywall-toolbox\products\Production\launch\launch_images\tapetech_pahc10_08.webp","26882","5/19/2026 5:42:54 AM"
"tapetech_pahc12_02.webp","C:\Users\Elliott\drywall-toolbox\products\Production\launch\launch_images\tapetech_pahc12_02.webp","79886","5/19/2026 5:43:08 AM"
"tapetech_pahc12_03.webp","C:\Users\Elliott\drywall-toolbox\products\Production\launch\launch_images\tapetech_pahc12_03.webp","83568","5/19/2026 5:43:19 AM"
"tapetech_pahc12_04.webp","C:\Users\Elliott\drywall-toolbox\products\Production\launch\launch_images\tapetech_pahc12_04.webp","31692","5/19/2026 5:43:20 AM"
"tapetech_pahc12_05.webp","C:\Users\Elliott\drywall-toolbox\products\Production\launch\launch_images\tapetech_pahc12_05.webp","43942","5/19/2026 5:43:21 AM"
"tapetech_pahc12_06.webp","C:\Users\Elliott\drywall-toolbox\products\Production\launch\launch_images\tapetech_pahc12_06.webp","54296","5/19/2026 5:43:22 AM"
"tapetech_pahc12_07.webp","C:\Users\Elliott\drywall-toolbox\products\Production\launch\launch_images\tapetech_pahc12_07.webp","26804","5/19/2026 5:43:22 AM"
"tapetech_pfk07tt_01.webp","C:\Users\Elliott\drywall-toolbox\products\Production\launch\launch_images\tapetech_pfk07tt_01.webp","33570","5/19/2026 5:43:31 AM"
"tapetech_pfk07tt_02.webp","C:\Users\Elliott\drywall-toolbox\products\Production\launch\launch_images\tapetech_pfk07tt_02.webp","52724","5/19/2026 5:43:33 AM"
"tapetech_pfk07tt_03.webp","C:\Users\Elliott\drywall-toolbox\products\Production\launch\launch_images\tapetech_pfk07tt_03.webp","44846","5/19/2026 5:43:35 AM"
"tapetech_pfk07tt_04.webp","C:\Users\Elliott\drywall-toolbox\products\Production\launch\launch_images\tapetech_pfk07tt_04.webp","23600","5/19/2026 5:43:35 AM"
"tapetech_pfk12tt_01.webp","C:\Users\Elliott\drywall-toolbox\products\Production\launch\launch_images\tapetech_pfk12tt_01.webp","32656","5/19/2026 5:43:38 AM"
"tapetech_pfk12tt_02.webp","C:\Users\Elliott\drywall-toolbox\products\Production\launch\launch_images\tapetech_pfk12tt_02.webp","23244","5/19/2026 5:43:43 AM"
"tapetech_pfk14tt_01.webp","C:\Users\Elliott\drywall-toolbox\products\Production\launch\launch_images\tapetech_pfk14tt_01.webp","31826","5/19/2026 5:43:44 AM"
"tapetech_pfk14tt_02.webp","C:\Users\Elliott\drywall-toolbox\products\Production\launch\launch_images\tapetech_pfk14tt_02.webp","20098","5/19/2026 5:43:49 AM"
"tapetech_pfk18tt_01.webp","C:\Users\Elliott\drywall-toolbox\products\Production\launch\launch_images\tapetech_pfk18tt_01.webp","32934","5/19/2026 5:43:51 AM"
"tapetech_pfk18tt_02.webp","C:\Users\Elliott\drywall-toolbox\products\Production\launch\launch_images\tapetech_pfk18tt_02.webp","14604","5/19/2026 5:43:55 AM"
"tapetech_pfk24tt_01.webp","C:\Users\Elliott\drywall-toolbox\products\Production\launch\launch_images\tapetech_pfk24tt_01.webp","32848","5/19/2026 5:43:56 AM"
"tapetech_pfk24tt_02.webp","C:\Users\Elliott\drywall-toolbox\products\Production\launch\launch_images\tapetech_pfk24tt_02.webp","22548","5/19/2026 5:44:02 AM"
"tapetech_pfk32tt_01.webp","C:\Users\Elliott\drywall-toolbox\products\Production\launch\launch_images\tapetech_pfk32tt_01.webp","29860","5/19/2026 5:44:03 AM"
"tapetech_pfk32tt_02.webp","C:\Users\Elliott\drywall-toolbox\products\Production\launch\launch_images\tapetech_pfk32tt_02.webp","15110","5/19/2026 5:44:08 AM"
"tapetech_pfk40tt_01.webp","C:\Users\Elliott\drywall-toolbox\products\Production\launch\launch_images\tapetech_pfk40tt_01.webp","29556","5/19/2026 5:44:09 AM"
"tapetech_pfk40tt_02.webp","C:\Users\Elliott\drywall-toolbox\products\Production\launch\launch_images\tapetech_pfk40tt_02.webp","14922","5/19/2026 5:44:15 AM"
"tapetech_pfk48tt_01.webp","C:\Users\Elliott\drywall-toolbox\products\Production\launch\launch_images\tapetech_pfk48tt_01.webp","28578","5/19/2026 5:44:16 AM"
"tapetech_pfk48tt_02.webp","C:\Users\Elliott\drywall-toolbox\products\Production\launch\launch_images\tapetech_pfk48tt_02.webp","13594","5/19/2026 5:44:21 AM"
"tapetech_pfkhatt_01.webp","C:\Users\Elliott\drywall-toolbox\products\Production\launch\launch_images\tapetech_pfkhatt_01.webp","40616","5/19/2026 5:44:24 AM"
"tapetech_pfkhatt_02.webp","C:\Users\Elliott\drywall-toolbox\products\Production\launch\launch_images\tapetech_pfkhatt_02.webp","34346","5/19/2026 5:44:27 AM"
"tapetech_pfkhatt_03.webp","C:\Users\Elliott\drywall-toolbox\products\Production\launch\launch_images\tapetech_pfkhatt_03.webp","58202","5/19/2026 5:44:29 AM"
"tapetech_pfkhatt_04.webp","C:\Users\Elliott\drywall-toolbox\products\Production\launch\launch_images\tapetech_pfkhatt_04.webp","55040","5/19/2026 5:44:30 AM"
"tapetech_pfkhatt_05.webp","C:\Users\Elliott\drywall-toolbox\products\Production\launch\launch_images\tapetech_pfkhatt_05.webp","28652","5/19/2026 5:44:31 AM"
"tapetech_pfkhatt_06.webp","C:\Users\Elliott\drywall-toolbox\products\Production\launch\launch_images\tapetech_pfkhatt_06.webp","29948","5/19/2026 5:44:32 AM"
"tapetech_pfkhatt_07.webp","C:\Users\Elliott\drywall-toolbox\products\Production\launch\launch_images\tapetech_pfkhatt_07.webp","30012","5/19/2026 5:44:33 AM"
"tapetech_pfkhatt_08.webp","C:\Users\Elliott\drywall-toolbox\products\Production\launch\launch_images\tapetech_pfkhatt_08.webp","25284","5/19/2026 5:44:34 AM"
"tapetech_pmp001_01.webp","C:\Users\Elliott\drywall-toolbox\products\Production\launch\launch_images\tapetech_pmp001_01.webp","54520","5/19/2026 5:44:45 AM"
"tapetech_pmp001_02.webp","C:\Users\Elliott\drywall-toolbox\products\Production\launch\launch_images\tapetech_pmp001_02.webp","8516","5/19/2026 5:44:47 AM"
"tapetech_tt_basic_full_set_01.webp","C:\Users\Elliott\drywall-toolbox\products\Production\launch\launch_images\tapetech_tt_basic_full_set_01.webp","37432","5/20/2026 4:51:25 AM"
"tapetech_tt_basic_jumbo_set_01.webp","C:\Users\Elliott\drywall-toolbox\products\Production\launch\launch_images\tapetech_tt_basic_jumbo_set_01.webp","47134","5/20/2026 4:51:26 AM"
"tapetech_tt_combo_corner_flusher_01.webp","C:\Users\Elliott\drywall-toolbox\products\Production\launch\launch_images\tapetech_tt_combo_corner_flusher_01.webp","13764","5/20/2026 4:51:31 AM"
"tapetech_tt_compound_roller_with_frame_01.webp","C:\Users\Elliott\drywall-toolbox\products\Production\launch\launch_images\tapetech_tt_compound_roller_with_frame_01.webp","10966","5/20/2026 4:51:35 AM"
"tapetech_tt_corner_applicator_with_fhtt_handle_01.webp","C:\Users\Elliott\drywall-toolbox\products\Production\launch\launch_images\tapetech_tt_corner_applicator_with_fhtt_handle_01.webp","13228","5/20/2026 4:51:32 AM"
"tapetech_tt_easyclean_nail_spotter_with_fhtt_handle_01.webp","C:\Users\Elliott\drywall-toolbox\products\Production\launch\launch_images\tapetech_tt_easyclean_nail_spotter_with_fhtt_handle_01.webp","8480","5/20/2026 4:51:34 AM"
"tapetech_tt_stainless_steel_mud_pan_01.webp","C:\Users\Elliott\drywall-toolbox\products\Production\launch\launch_images\tapetech_tt_stainless_steel_mud_pan_01.webp","3604","5/20/2026 4:55:02 AM"
"tapetech_ttbbs_02.webp","C:\Users\Elliott\drywall-toolbox\products\Production\launch\launch_images\tapetech_ttbbs_02.webp","44534","5/11/2026 8:34:44 PM"
"tapetech_ttpps_02.webp","C:\Users\Elliott\drywall-toolbox\products\Production\launch\launch_images\tapetech_ttpps_02.webp","48944","5/11/2026 8:34:45 PM"
"tapetech_ttpps_03.webp","C:\Users\Elliott\drywall-toolbox\products\Production\launch\launch_images\tapetech_ttpps_03.webp","45388","5/11/2026 8:34:45 PM"
"tapetech_ttpps_04.webp","C:\Users\Elliott\drywall-toolbox\products\Production\launch\launch_images\tapetech_ttpps_04.webp","46920","5/11/2026 8:34:45 PM"
"tapetech_ttpps_05.webp","C:\Users\Elliott\drywall-toolbox\products\Production\launch\launch_images\tapetech_ttpps_05.webp","137104","5/11/2026 8:34:45 PM"
"tapetech_ttpps_06.webp","C:\Users\Elliott\drywall-toolbox\products\Production\launch\launch_images\tapetech_ttpps_06.webp","70210","5/11/2026 8:34:45 PM"
"tapetech_ttpps_07.webp","C:\Users\Elliott\drywall-toolbox\products\Production\launch\launch_images\tapetech_ttpps_07.webp","41190","5/11/2026 8:34:45 PM"
"tapetech_ttppsef_02.webp","C:\Users\Elliott\drywall-toolbox\products\Production\launch\launch_images\tapetech_ttppsef_02.webp","189424","5/7/2026 5:16:43 AM"
"tapetech_ttppsef_03.webp","C:\Users\Elliott\drywall-toolbox\products\Production\launch\launch_images\tapetech_ttppsef_03.webp","48808","5/7/2026 5:16:43 AM"
"tapetech_ttppsef_04.webp","C:\Users\Elliott\drywall-toolbox\products\Production\launch\launch_images\tapetech_ttppsef_04.webp","135870","5/7/2026 5:16:43 AM"
"tapetech_ttppsef_05.webp","C:\Users\Elliott\drywall-toolbox\products\Production\launch\launch_images\tapetech_ttppsef_05.webp","137814","5/7/2026 5:16:43 AM"
"tapetech_ttppsef_06.webp","C:\Users\Elliott\drywall-toolbox\products\Production\launch\launch_images\tapetech_ttppsef_06.webp","25248","5/7/2026 5:16:43 AM"
"tapetech_ttpss_02.webp","C:\Users\Elliott\drywall-toolbox\products\Production\launch\launch_images\tapetech_ttpss_02.webp","135976","5/11/2026 8:34:45 PM"
"tapetech_ttpss_04.webp","C:\Users\Elliott\drywall-toolbox\products\Production\launch\launch_images\tapetech_ttpss_04.webp","115376","4/11/2026 6:36:01 AM"
"tapetech_xhtt_08.webp","C:\Users\Elliott\drywall-toolbox\products\Production\launch\launch_images\tapetech_xhtt_08.webp","24470","5/19/2026 5:49:59 AM"
"tapetech_xhtt_09.webp","C:\Users\Elliott\drywall-toolbox\products\Production\launch\launch_images\tapetech_xhtt_09.webp","10722","5/19/2026 5:50:00 AM"
"tapetech_xhtt_10.webp","C:\Users\Elliott\drywall-toolbox\products\Production\launch\launch_images\tapetech_xhtt_10.webp","18976","5/19/2026 5:50:00 AM"
