rel_path,keep,reason,clean_bg,human_likely,white_trans_ratio,border_clean_ratio,skin_ratio,skin_border_ratio
columbia_tools_10fbb_02.webp,True,keep_clean_bg,True,False,0.703003,1.0,0.0,0.0
columbia_tools_10ffb_01.webp,True,keep_clean_bg,True,False,0.661438,0.994667,0.005798,0.0
columbia_tools_12fbb_02.webp,True,keep_clean_bg,True,False,0.703003,1.0,0.0,0.0
columbia_tools_12ffb_01.webp,True,keep_clean_bg,True,False,0.661438,0.994667,0.005798,0.0
columbia_tools_14ffb_01.webp,True,keep_clean_bg,True,False,0.661438,0.994667,0.005798,0.0
columbia_tools_25ah_02.webp,True,keep_clean_bg,True,False,0.667419,0.999333,0.0,0.0
columbia_tools_25ah_04.webp,True,keep_clean_bg,True,False,0.62986,0.975904,0.0,0.0
columbia_tools_25ah_05.webp,True,keep_clean_bg,True,False,0.750636,0.993952,0.0,0.0
columbia_tools_25ah_06.webp,True,keep_clean_bg,True,False,0.696777,0.987333,0.0,0.0
columbia_tools_25sf_01.webp,True,keep_clean_bg,True,False,0.82546,1.0,0.000368,0.0
columbia_tools_25sf_02.webp,True,keep_clean_bg,True,False,0.836029,1.0,0.000184,0.0
columbia_tools_2ah_01.webp,True,keep_clean_bg,True,False,0.62986,0.975904,0.0,0.0
columbia_tools_2ah_03.webp,True,keep_clean_bg,True,False,0.667419,0.999333,0.0,0.0
columbia_tools_2ah_05.webp,True,keep_clean_bg,True,False,0.750636,0.993952,0.0,0.0
columbia_tools_2ah_06.webp,True,keep_clean_bg,True,False,0.696777,0.987333,0.0,0.0
columbia_tools_2ns_01.webp,True,keep_clean_bg,True,False,0.580444,0.985333,0.002686,0.0
columbia_tools_35ah_01.webp,True,keep_clean_bg,True,False,0.696777,0.987333,0.0,0.0
columbia_tools_35ah_02.webp,True,keep_clean_bg,True,False,0.667419,0.999333,0.0,0.0
columbia_tools_35ah_04.webp,True,keep_clean_bg,True,False,0.62986,0.975904,0.0,0.0
columbia_tools_35ah_06.webp,True,keep_clean_bg,True,False,0.750636,0.993952,0.0,0.0
columbia_tools_35sf_01.webp,True,keep_clean_bg,True,False,0.82546,1.0,0.000368,0.0
columbia_tools_35sf_02.webp,True,keep_clean_bg,True,False,0.836029,1.0,0.000184,0.0
columbia_tools_3ah_01.webp,True,keep_clean_bg,True,False,0.750636,0.993952,0.0,0.0
columbia_tools_3ah_02.webp,True,keep_clean_bg,True,False,0.62986,0.975904,0.0,0.0
columbia_tools_3ah_04.webp,True,keep_clean_bg,True,False,0.667419,0.999333,0.0,0.0
columbia_tools_3ah_06.webp,True,keep_clean_bg,True,False,0.696777,0.987333,0.0,0.0
columbia_tools_3ns_02.webp,True,keep_clean_bg,True,False,0.580444,0.985333,0.002686,0.0
columbia_tools_3sf_01.webp,True,keep_clean_bg,True,False,0.82546,1.0,0.000368,0.0
columbia_tools_3sf_02.webp,True,keep_clean_bg,True,False,0.836029,1.0,0.000184,0.0
columbia_tools_3wtsf_01.webp,True,keep_clean_bg,True,False,0.82546,1.0,0.000368,0.0
columbia_tools_3wtsf_02.webp,True,keep_clean_bg,True,False,0.836029,1.0,0.000184,0.0
columbia_tools_4sf_01.webp,True,keep_clean_bg,True,False,0.82546,1.0,0.000368,0.0
columbia_tools_4sf_02.webp,True,keep_clean_bg,True,False,0.836029,1.0,0.000184,0.0
columbia_tools_55ffb_01.webp,True,keep_clean_bg,True,False,0.661438,0.994667,0.005798,0.0
columbia_tools_7cfb_01.webp,True,keep_clean_bg,True,False,0.708801,1.0,0.0,0.0
columbia_tools_7cfb_02.webp,True,keep_clean_bg,True,False,0.680969,1.0,0.0,0.0
columbia_tools_7cfb_03.webp,True,keep_clean_bg,True,False,0.81958,0.976667,0.0,0.0
columbia_tools_7cfb_04.webp,True,keep_clean_bg,True,False,0.686829,1.0,0.0,0.0
columbia_tools_7ffb_01.webp,True,keep_clean_bg,True,False,0.661438,0.994667,0.005798,0.0
columbia_tools_8cfb_01.webp,True,keep_clean_bg,True,False,0.686829,1.0,0.0,0.0
columbia_tools_8cfb_02.webp,True,keep_clean_bg,True,False,0.708801,1.0,0.0,0.0
columbia_tools_8cfb_03.webp,True,keep_clean_bg,True,False,0.680969,1.0,0.0,0.0
columbia_tools_8cfb_04.webp,True,keep_clean_bg,True,False,0.81958,0.976667,0.0,0.0
columbia_tools_8fbb_02.webp,True,keep_clean_bg,True,False,0.703003,1.0,0.0,0.0
columbia_tools_8ffb_01.webp,True,keep_clean_bg,True,False,0.661438,0.994667,0.005798,0.0
columbia_tools_aha_01.webp,True,keep_clean_bg,True,False,0.920593,1.0,0.0,0.0
columbia_tools_bf_01.webp,True,keep_clean_bg,True,False,0.730896,0.961333,0.000305,0.0
columbia_tools_c1h_01.webp,True,keep_clean_bg,True,False,0.954651,1.0,0.0,0.0
columbia_tools_c1h_02.webp,True,keep_clean_bg,True,False,0.945251,1.0,6.1e-05,0.0
columbia_tools_c1h_03.webp,True,keep_clean_bg,True,False,0.880066,1.0,0.000366,0.0
columbia_tools_c1hext_01.webp,True,keep_clean_bg,True,False,0.954651,1.0,0.0,0.0
columbia_tools_c1hext_02.webp,True,keep_clean_bg,True,False,0.945251,1.0,6.1e-05,0.0
columbia_tools_c1hext_03.webp,True,keep_clean_bg,True,False,0.880066,1.0,0.000366,0.0
columbia_tools_c1hs_01.webp,True,keep_clean_bg,True,False,0.954651,1.0,0.0,0.0
columbia_tools_c1hs_02.webp,True,keep_clean_bg,True,False,0.945251,1.0,6.1e-05,0.0
columbia_tools_c1hs_03.webp,True,keep_clean_bg,True,False,0.880066,1.0,0.000366,0.0
columbia_tools_cbncr_01.webp,True,keep_clean_bg,True,False,0.699158,1.0,0.0,0.0
columbia_tools_cbncr_02.webp,True,keep_clean_bg,True,False,0.708923,1.0,0.0,0.0
columbia_tools_cbncr_03.webp,True,keep_clean_bg,True,False,0.720825,1.0,0.0,0.0
columbia_tools_cc_01.webp,True,keep_clean_bg,True,False,0.82114,1.0,0.003125,0.0
columbia_tools_cext90_01.webp,True,keep_clean_bg,True,False,0.586792,0.986667,0.0,0.0
columbia_tools_cext90_02.webp,True,keep_clean_bg,True,False,0.610535,1.0,0.0,0.0
columbia_tools_chxl_01.webp,True,keep_clean_bg,True,False,0.931458,0.995333,0.0,0.0
columbia_tools_clt24_01.webp,True,keep_clean_bg,True,False,0.922668,1.0,0.0,0.0
columbia_tools_clt32_01.webp,True,keep_clean_bg,True,False,0.922668,1.0,0.0,0.0
columbia_tools_clt42_01.webp,True,keep_clean_bg,True,False,0.922668,1.0,0.0,0.0
columbia_tools_clt55_01.webp,True,keep_clean_bg,True,False,0.922668,1.0,0.0,0.0
columbia_tools_cltha_01.webp,True,keep_clean_bg,True,False,0.737427,0.94,0.0,0.0
columbia_tools_cltha_03.webp,True,keep_clean_bg,True,False,0.720276,1.0,0.0,0.0
columbia_tools_cmt24_01.webp,True,keep_clean_bg,True,False,0.903625,1.0,0.0,0.0
columbia_tools_cmt32_01.webp,True,keep_clean_bg,True,False,0.903625,1.0,0.0,0.0
columbia_tools_cmt42_01.webp,True,keep_clean_bg,True,False,0.903625,1.0,0.0,0.0
columbia_tools_cmt55_01.webp,True,keep_clean_bg,True,False,0.903625,1.0,0.0,0.0
columbia_tools_cobcr_01.webp,True,keep_clean_bg,True,False,0.699158,1.0,0.0,0.0
columbia_tools_cobcr_02.webp,True,keep_clean_bg,True,False,0.708923,1.0,0.0,0.0
columbia_tools_cobcr_03.webp,True,keep_clean_bg,True,False,0.720825,1.0,0.0,0.0
columbia_tools_cobcre_01.webp,True,keep_clean_bg,True,False,0.720825,1.0,0.0,0.0
columbia_tools_cobcre_02.webp,True,keep_clean_bg,True,False,0.699158,1.0,0.0,0.0
columbia_tools_cobcre_03.webp,True,keep_clean_bg,True,False,0.708923,1.0,0.0,0.0
columbia_tools_cobcrw_01.webp,True,keep_clean_bg,True,False,0.708923,1.0,0.0,0.0
columbia_tools_cobcrw_02.webp,True,keep_clean_bg,True,False,0.699158,1.0,0.0,0.0
columbia_tools_cobcrw_03.webp,True,keep_clean_bg,True,False,0.720825,1.0,0.0,0.0
columbia_tools_cr_01.webp,True,keep_clean_bg,True,False,0.727905,0.97,0.0,0.0
columbia_tools_cs_01.webp,True,keep_clean_bg,True,False,0.767151,0.989333,0.0,0.0
columbia_tools_csh_01.webp,True,keep_clean_bg,True,False,0.767151,0.989333,0.0,0.0
columbia_tools_fmh_01.webp,True,keep_clean_bg,True,False,0.67572,1.0,0.0,0.0
columbia_tools_gn_01.webp,True,keep_clean_bg,True,False,0.898804,0.991333,0.0,0.0
columbia_tools_hmp_01.webp,True,keep_clean_bg,True,False,0.844849,1.0,0.0,0.0
columbia_tools_ia90_01.webp,True,keep_clean_bg,True,False,0.5979,1.0,0.0,0.0
columbia_tools_ica21_03.webp,True,keep_clean_bg,True,False,0.622742,1.0,0.000488,0.0
columbia_tools_ica21_04.webp,True,keep_clean_bg,True,False,0.580817,1.0,0.0,0.0
columbia_tools_ica41_03.webp,True,keep_clean_bg,True,False,0.622742,1.0,0.000488,0.0
columbia_tools_ica41_04.webp,True,keep_clean_bg,True,False,0.580817,1.0,0.0,0.0
columbia_tools_mh_01.webp,True,keep_clean_bg,True,False,0.934143,1.0,0.0,0.0
columbia_tools_mh_02.webp,True,keep_clean_bg,True,False,0.788025,0.944667,0.0,0.0
columbia_tools_mh_04.webp,True,keep_clean_bg,True,False,0.919434,0.981333,0.0,0.0
columbia_tools_mh_05.webp,True,keep_clean_bg,True,False,0.719177,0.98,0.0,0.0
columbia_tools_mhl_01.webp,True,keep_clean_bg,True,False,0.934143,1.0,0.0,0.0
columbia_tools_mhl_02.webp,True,keep_clean_bg,True,False,0.788025,0.944667,0.0,0.0
columbia_tools_mhl_04.webp,True,keep_clean_bg,True,False,0.919434,0.981333,0.0,0.0
columbia_tools_mhl_05.webp,True,keep_clean_bg,True,False,0.719177,0.98,0.0,0.0
columbia_tools_mhs_01.webp,True,keep_clean_bg,True,False,0.934143,1.0,0.0,0.0
columbia_tools_mhs_02.webp,True,keep_clean_bg,True,False,0.788025,0.944667,0.0,0.0
columbia_tools_mhs_04.webp,True,keep_clean_bg,True,False,0.919434,0.981333,0.0,0.0
columbia_tools_mhs_05.webp,True,keep_clean_bg,True,False,0.719177,0.98,0.0,0.0
columbia_tools_pcmt42_01.webp,True,keep_clean_bg,True,False,0.908824,1.0,0.000276,0.0
columbia_tools_pcmt42_02.webp,True,keep_clean_bg,True,False,0.92261,1.0,0.000368,0.0
columbia_tools_pcmt42_03.webp,True,keep_clean_bg,True,False,0.9462,1.0,0.0,0.0
columbia_tools_pcmt42_04.webp,True,keep_clean_bg,True,False,0.944173,1.0,0.0,0.0
columbia_tools_pcmt42_05.webp,True,keep_clean_bg,True,False,0.952574,1.0,9.2e-05,0.0
columbia_tools_pcmt42_06.webp,True,keep_clean_bg,True,False,0.95193,1.0,0.0,0.0
columbia_tools_pcmt42_07.webp,True,keep_clean_bg,True,False,0.875735,1.0,0.0,0.0
columbia_tools_pddm_01.webp,True,keep_clean_bg,True,False,0.874207,1.0,0.000305,0.0
columbia_tools_pddm_02.webp,True,keep_clean_bg,True,False,0.713562,1.0,0.0,0.0
columbia_tools_ptaper_01.webp,True,keep_clean_bg,True,False,0.889038,1.0,6.1e-05,0.0
columbia_tools_ptaper_03.webp,True,keep_clean_bg,True,False,0.712769,0.942667,0.0,0.0
columbia_tools_rc_01.webp,True,keep_clean_bg,True,False,0.554504,0.993333,0.0,0.0
columbia_tools_rc_02.webp,True,keep_clean_bg,True,False,0.594604,0.975333,0.000488,0.0
columbia_tools_rc_03.webp,True,keep_clean_bg,True,False,0.741516,1.0,0.0,0.0
columbia_tools_sacs_01.webp,True,keep_clean_bg,True,False,0.593506,0.971333,0.0,0.0
columbia_tools_sacs_02.webp,True,keep_clean_bg,True,False,0.718689,1.0,0.0,0.0
columbia_tools_sat_01.webp,True,keep_clean_bg,True,False,0.758423,1.0,6.1e-05,0.0
columbia_tools_sptaper_01.webp,True,keep_clean_bg,True,False,0.884888,1.0,0.0,0.0
columbia_tools_staper_01.webp,True,keep_clean_bg,True,False,0.884888,1.0,0.0,0.0
columbia_tools_tbbf_01.webp,True,keep_clean_bg,True,False,0.730896,0.961333,0.000305,0.0
columbia_tools_tbgn_01.webp,True,keep_clean_bg,True,False,0.898804,0.991333,0.0,0.0
columbia_tools_tbmp_01.webp,True,keep_clean_bg,True,False,0.92981,0.996,0.0,0.0
columbia_tools_tcs_01.webp,True,keep_clean_bg,True,False,0.660461,1.0,0.0,0.0
columbia_tools_tcs_02.webp,True,keep_clean_bg,True,False,0.746582,1.0,0.0,0.0
columbia_tools_tl38_01.webp,True,keep_clean_bg,True,False,0.970093,1.0,0.000122,0.0
columbia_tools_tl38_02.webp,True,keep_clean_bg,True,False,0.908081,0.971333,0.0,0.0
columbia_tools_ts_01.webp,True,keep_clean_bg,True,False,0.611816,1.0,0.0,0.0
columbia_tools_tsb10_01.webp,True,keep_clean_bg,True,False,0.730469,0.968,0.002441,0.0
columbia_tools_tsb10_02.webp,True,keep_clean_bg,True,False,0.586853,0.996,0.0,0.0
columbia_tools_tsb12_01.webp,True,keep_clean_bg,True,False,0.730469,0.968,0.002441,0.0
columbia_tools_tsb12_02.webp,True,keep_clean_bg,True,False,0.586853,0.996,0.0,0.0
columbia_tools_tsb14_01.webp,True,keep_clean_bg,True,False,0.730469,0.968,0.002441,0.0
columbia_tools_tsb14_02.webp,True,keep_clean_bg,True,False,0.586853,0.996,0.0,0.0
columbia_tools_tsb18_01.webp,True,keep_clean_bg,True,False,0.730469,0.968,0.002441,0.0
columbia_tools_tsb18_02.webp,True,keep_clean_bg,True,False,0.586853,0.996,0.0,0.0
columbia_tools_tsb24_01.webp,True,keep_clean_bg,True,False,0.730469,0.968,0.002441,0.0
columbia_tools_tsb24_02.webp,True,keep_clean_bg,True,False,0.586853,0.996,0.0,0.0
columbia_tools_tsb32_01.webp,True,keep_clean_bg,True,False,0.730469,0.968,0.002441,0.0
columbia_tools_tsb32_02.webp,True,keep_clean_bg,True,False,0.586853,0.996,0.0,0.0
columbia_tools_tsb40_01.webp,True,keep_clean_bg,True,False,0.730469,0.968,0.002441,0.0
columbia_tools_tsb40_02.webp,True,keep_clean_bg,True,False,0.586853,0.996,0.0,0.0
columbia_tools_tsb48_01.webp,True,keep_clean_bg,True,False,0.730469,0.968,0.002441,0.0
columbia_tools_tsb48_02.webp,True,keep_clean_bg,True,False,0.586853,0.996,0.0,0.0
columbia_tools_tsb7_01.webp,True,keep_clean_bg,True,False,0.730469,0.968,0.002441,0.0
columbia_tools_tsb7_02.webp,True,keep_clean_bg,True,False,0.586853,0.996,0.0,0.0
columbia_tools_tws_01.webp,True,keep_clean_bg,True,False,0.655273,1.0,0.0,0.0
columbia_tools_tws_02.webp,True,keep_clean_bg,True,False,0.718689,1.0,0.0,0.0
tapetech_03tt_04.webp,True,keep_clean_bg,True,False,0.852356,0.995333,0.034607,0.0
tapetech_03tt_05.webp,True,keep_clean_bg,True,False,0.934204,1.0,0.017517,0.0
tapetech_03tt_06.webp,True,keep_clean_bg,True,False,0.939758,1.0,0.018677,0.0
tapetech_07tt_02.webp,True,keep_clean_bg,True,False,0.891113,0.997333,0.043274,0.0
tapetech_07tt_07.webp,True,keep_clean_bg,True,False,0.725159,0.942,0.071289,0.001333
tapetech_07tt_08.webp,True,keep_clean_bg,True,False,0.839294,0.998667,0.03418,0.0
tapetech_07tt_09.webp,True,keep_clean_bg,True,False,0.91449,0.996,0.034241,0.0
tapetech_07ttc_06.webp,True,keep_clean_bg,True,False,0.857788,1.0,0.002319,0.0
tapetech_07ttc_07.webp,True,keep_clean_bg,True,False,0.932861,0.987333,0.000916,0.0
tapetech_07ttc_08.webp,True,keep_clean_bg,True,False,0.933899,0.987333,0.0,0.0
tapetech_07ttc_10.webp,True,keep_clean_bg,True,False,0.890869,0.975333,0.002747,0.0
tapetech_07ttc_14.webp,True,keep_clean_bg,True,False,0.777466,0.958667,0.0,0.0
tapetech_07ttc_15.webp,True,keep_clean_bg,True,False,0.771179,0.962667,0.0,0.0
tapetech_15tte_01.webp,True,keep_clean_bg,True,False,0.639832,0.984,0.0,0.0
tapetech_15tte_02.webp,True,keep_clean_bg,True,False,0.724609,0.971333,0.001282,0.0
tapetech_15tte_03.webp,True,keep_clean_bg,True,False,0.725281,0.994,0.0,0.0
tapetech_15tte_04.webp,True,keep_clean_bg,True,False,0.664001,0.998,0.0,0.0
tapetech_15tte_05.webp,True,keep_clean_bg,True,False,0.6427,0.966,0.0,0.0
tapetech_15tte_06.webp,True,keep_clean_bg,True,False,0.679871,1.0,0.0,0.0
tapetech_15tte_07.webp,True,keep_clean_bg,True,False,0.85791,1.0,0.000122,0.0
tapetech_15tte_08.webp,True,keep_clean_bg,True,False,0.82428,0.976,0.0,0.0
tapetech_16tt90_05.webp,True,keep_clean_bg,True,False,0.798401,1.0,0.0,0.0
tapetech_16tt90_06.webp,True,keep_clean_bg,True,False,0.74646,1.0,0.0,0.0
tapetech_16tt90_07.webp,True,keep_clean_bg,True,False,0.77301,1.0,0.0,0.0
tapetech_16tt_07.webp,True,keep_clean_bg,True,False,0.695923,1.0,0.0,0.0
tapetech_16tt_08.webp,True,keep_clean_bg,True,False,0.753357,1.0,0.0,0.0
tapetech_16tt_09.webp,True,keep_clean_bg,True,False,0.72052,1.0,0.0,0.0
tapetech_17tt_01.webp,True,keep_clean_bg,True,False,0.586304,0.964667,0.0,0.0
tapetech_17tt_02.webp,True,keep_clean_bg,True,False,0.584839,0.942,0.0,0.0
tapetech_17tt_03.webp,True,keep_clean_bg,True,False,0.638733,0.976,0.0,0.0
tapetech_17tt_04.webp,True,keep_clean_bg,True,False,0.6922,0.976,0.0,0.0
tapetech_17tt_07.webp,True,keep_clean_bg,True,False,0.718018,0.993333,0.0,0.0
tapetech_17tte_01.webp,True,keep_clean_bg,True,False,0.756042,1.0,0.0,0.0
tapetech_17tte_02.webp,True,keep_clean_bg,True,False,0.777466,1.0,0.0,0.0
tapetech_17tte_03.webp,True,keep_clean_bg,True,False,0.79478,0.965726,0.0,0.0
tapetech_40xtt_05.webp,True,keep_clean_bg,True,False,0.701355,1.0,0.0,0.0
tapetech_40xtt_06.webp,True,keep_clean_bg,True,False,0.620667,1.0,0.0,0.0
tapetech_40xtt_07.webp,True,keep_clean_bg,True,False,0.607788,1.0,0.000122,0.0
tapetech_42tt_06.webp,True,keep_clean_bg,True,False,0.564575,1.0,0.0,0.0
tapetech_42tt_07.webp,True,keep_clean_bg,True,False,0.641052,1.0,0.0,0.0
tapetech_48tt_03.webp,True,keep_clean_bg,True,False,0.657227,1.0,0.0,0.0
tapetech_48tt_05.webp,True,keep_clean_bg,True,False,0.582764,1.0,0.0,0.0
tapetech_48xtt_05.webp,True,keep_clean_bg,True,False,0.583069,1.0,6.1e-05,0.0
tapetech_48xtt_06.webp,True,keep_clean_bg,True,False,0.555542,1.0,6.1e-05,0.0
tapetech_48xtt_07.webp,True,keep_clean_bg,True,False,0.646545,1.0,0.0,0.0
tapetech_48xtt_09.webp,True,keep_clean_bg,True,False,0.567487,0.962366,0.00837,0.0
tapetech_76tt_01.webp,True,keep_clean_bg,True,False,0.830444,1.0,0.015564,0.0
tapetech_76tt_02.webp,True,keep_clean_bg,True,False,0.812561,0.994667,0.013489,0.0
tapetech_76tt_04.webp,True,keep_clean_bg,True,False,0.830444,1.0,0.015686,0.0
tapetech_76tt_05.webp,True,keep_clean_bg,True,False,0.830505,1.0,0.015625,0.0
tapetech_76tt_06.webp,True,keep_clean_bg,True,False,0.851013,1.0,0.014282,0.0
tapetech_76ttca_01.webp,True,keep_clean_bg,True,False,0.829468,0.95,0.066101,0.0
tapetech_76ttca_03.webp,True,keep_clean_bg,True,False,0.823242,1.0,0.076538,0.0
tapetech_76ttca_04.webp,True,keep_clean_bg,True,False,0.859863,1.0,0.067383,0.0
tapetech_76ttca_05.webp,True,keep_clean_bg,True,False,0.877808,1.0,0.04657,0.0
tapetech_76ttca_06.webp,True,keep_clean_bg,True,False,0.885986,1.0,0.006042,0.0
tapetech_76ttca_07.webp,True,keep_clean_bg,True,False,0.908752,1.0,0.032349,0.0
tapetech_76ttca_08.webp,True,keep_clean_bg,True,False,0.855168,1.0,0.021886,0.0
tapetech_76xltt_01.webp,True,keep_clean_bg,True,False,0.868958,0.986,0.037964,0.0
tapetech_76xltt_06.webp,True,keep_clean_bg,True,False,0.872681,1.0,0.066956,0.0
tapetech_76xltt_07.webp,True,keep_clean_bg,True,False,0.823547,1.0,0.010315,0.0
tapetech_76xltt_08.webp,True,keep_clean_bg,True,False,0.842773,1.0,0.01062,0.0
tapetech_76xltt_09.webp,True,keep_clean_bg,True,False,0.737244,1.0,0.000671,0.0
tapetech_76xltt_10.webp,True,keep_clean_bg,True,False,0.840942,1.0,0.023926,0.0
tapetech_8000tt_01.webp,True,keep_clean_bg,True,False,0.711365,0.994667,0.06604,0.001333
tapetech_8000tt_02.webp,True,keep_clean_bg,True,False,0.778687,1.0,0.064209,0.0
tapetech_8000tt_03.webp,True,keep_clean_bg,True,False,0.793884,0.988,0.042297,0.0
tapetech_8000tt_05.webp,True,keep_clean_bg,True,False,0.717102,1.0,0.053345,0.0
tapetech_8000tt_06.webp,True,keep_clean_bg,True,False,0.744446,1.0,0.059265,0.0
tapetech_8000tt_07.webp,True,keep_clean_bg,True,False,0.760132,0.988,0.07074,0.007333
tapetech_8000tt_08.webp,True,keep_clean_bg,True,False,0.772156,1.0,0.066467,0.0
tapetech_8000tt_09.webp,True,keep_clean_bg,True,False,0.781311,0.964667,0.045044,0.016
tapetech_8000ttpa_01.webp,True,keep_clean_bg,True,False,0.819885,1.0,0.038513,0.0
tapetech_8000ttpa_02.webp,True,keep_clean_bg,True,False,0.641785,0.970667,0.183655,0.0
tapetech_8000ttpa_03.webp,True,keep_clean_bg,True,False,0.717102,1.0,0.053345,0.0
tapetech_8000ttpa_04.webp,True,keep_clean_bg,True,False,0.841003,1.0,0.031921,0.0
tapetech_8034tt_01.webp,True,keep_clean_bg,True,False,0.921509,0.968667,0.016968,0.0
tapetech_8034tt_02.webp,True,keep_clean_bg,True,False,0.991211,1.0,0.005005,0.0
tapetech_8034tt_03.webp,True,keep_clean_bg,True,False,0.834473,0.951333,0.01123,0.011333
tapetech_8042tt_01.webp,True,keep_clean_bg,True,False,0.860901,0.980667,0.038513,0.0
tapetech_8042tt_04.webp,True,keep_clean_bg,True,False,0.922424,0.968667,0.016785,0.0
tapetech_8042tt_05.webp,True,keep_clean_bg,True,False,0.98938,1.0,0.006714,0.0
tapetech_8042tt_06.webp,True,keep_clean_bg,True,False,0.850342,0.953333,0.009827,0.01
tapetech_8054tt_01.webp,True,keep_clean_bg,True,False,0.922668,0.97,0.017029,0.0
tapetech_8054tt_02.webp,True,keep_clean_bg,True,False,0.986755,1.0,0.009155,0.0
tapetech_8054tt_03.webp,True,keep_clean_bg,True,False,0.834106,0.950667,0.01123,0.010667
tapetech_8072tt_01.webp,True,keep_clean_bg,True,False,0.850525,0.965333,0.036255,0.0
tapetech_8072tt_02.webp,True,keep_clean_bg,True,False,0.921692,0.969333,0.021484,0.0
tapetech_8072tt_03.webp,True,keep_clean_bg,True,False,0.850586,0.964667,0.036499,0.0
tapetech_8072tt_04.webp,True,keep_clean_bg,True,False,0.922241,0.969333,0.022156,0.0
tapetech_8134tt_01.webp,True,keep_clean_bg,True,False,0.866577,0.946,0.035889,0.004667
tapetech_8134tt_02.webp,True,keep_clean_bg,True,False,0.79718,0.954667,0.048523,0.032
tapetech_8134tt_03.webp,True,keep_clean_bg,True,False,0.724121,0.96,0.026672,0.026667
tapetech_8134tt_04.webp,True,keep_clean_bg,True,False,0.761536,0.95,0.09259,0.039333
tapetech_8134tt_05.webp,True,keep_clean_bg,True,False,0.923279,0.982667,0.010132,0.0
tapetech_8134tt_06.webp,True,keep_clean_bg,True,False,0.98822,1.0,0.003052,0.0
tapetech_8142tt_01.webp,True,keep_clean_bg,True,False,0.924316,0.982667,0.009094,0.0
tapetech_8142tt_02.webp,True,keep_clean_bg,True,False,0.985718,1.0,0.003967,0.0
tapetech_8142tt_03.webp,True,keep_clean_bg,True,False,0.834595,0.951333,0.011047,0.01
tapetech_8154tt_01.webp,True,keep_clean_bg,True,False,0.921997,0.982667,0.011719,0.0
tapetech_8154tt_02.webp,True,keep_clean_bg,True,False,0.982117,1.0,0.005127,0.0
tapetech_8154tt_03.webp,True,keep_clean_bg,True,False,0.833496,0.951333,0.010803,0.011333
tapetech_8172tt_01.webp,True,keep_clean_bg,True,False,0.921997,0.982,0.014038,0.0
tapetech_8172tt_02.webp,True,keep_clean_bg,True,False,0.976318,0.998,0.00708,0.0
tapetech_85t_01.webp,True,keep_clean_bg,True,False,0.799622,0.995333,0.0,0.0
tapetech_85t_02.webp,True,keep_clean_bg,True,False,0.92395,1.0,0.0,0.0
tapetech_85xltt_01.webp,True,keep_clean_bg,True,False,0.846313,0.975333,0.0,0.0
tapetech_85xltt_04.webp,True,keep_clean_bg,True,False,0.947144,0.998,0.0,0.0
tapetech_85xltt_05.webp,True,keep_clean_bg,True,False,0.9552,1.0,0.0,0.0
tapetech_88tte_01.webp,True,keep_clean_bg,True,False,0.827576,0.95,0.027588,0.0
tapetech_88tte_06.webp,True,keep_clean_bg,True,False,0.976929,1.0,0.008057,0.0
tapetech_88tte_07.webp,True,keep_clean_bg,True,False,0.971558,1.0,0.008057,0.0
tapetech_88tte_08.webp,True,keep_clean_bg,True,False,0.9646,1.0,0.008057,0.0
tapetech_88tte_09.webp,True,keep_clean_bg,True,False,0.885193,0.970667,0.015259,0.0
tapetech_90t_01.webp,True,keep_clean_bg,True,False,0.892944,1.0,0.002869,0.0
tapetech_90t_02.webp,True,keep_clean_bg,True,False,0.88031,0.998667,0.000488,0.0
tapetech_90t_03.webp,True,keep_clean_bg,True,False,0.907288,1.0,0.0,0.0
tapetech_90t_04.webp,True,keep_clean_bg,True,False,0.888,1.0,0.0,0.0
tapetech_atx01tt_01.webp,True,keep_clean_bg,True,False,0.860168,0.961333,0.037537,0.0
tapetech_atx01tt_05.webp,True,keep_clean_bg,True,False,0.856873,0.982667,0.040039,0.0
tapetech_atx01tt_06.webp,True,keep_clean_bg,True,False,0.948608,1.0,0.008118,0.0
tapetech_atx01tt_07.webp,True,keep_clean_bg,True,False,0.959351,1.0,0.007812,0.0
tapetech_atx01tt_08.webp,True,keep_clean_bg,True,False,0.935303,1.0,0.005981,0.0
tapetech_bh_01.webp,True,keep_clean_bg,True,False,0.834229,0.945333,0.0,0.0
tapetech_bh_02.webp,True,keep_clean_bg,True,False,0.91217,1.0,0.0,0.0
tapetech_bh_03.webp,True,keep_clean_bg,True,False,0.866516,1.0,0.0,0.0
tapetech_bhe_01.webp,True,keep_clean_bg,True,False,0.845032,0.967333,0.0,0.0
tapetech_bhe_02.webp,True,keep_clean_bg,True,False,0.906616,1.0,0.0,0.0
tapetech_bhe_03.webp,True,keep_clean_bg,True,False,0.849426,1.0,0.0,0.0
tapetech_bhesw_01.webp,True,keep_clean_bg,True,False,0.842346,0.988667,0.0,0.0
tapetech_bhesw_02.webp,True,keep_clean_bg,True,False,0.944641,0.997333,0.0,0.0
tapetech_bhesw_07.webp,True,keep_clean_bg,True,False,0.840759,0.98,0.0,0.0
tapetech_ca07tt_01.webp,True,keep_clean_bg,True,False,0.57959,1.0,0.264343,0.0
tapetech_ca07tt_02.webp,True,keep_clean_bg,True,False,0.660278,1.0,0.061096,0.0
tapetech_ca07tt_07.webp,True,keep_clean_bg,True,False,0.634399,0.968667,0.060486,0.0
tapetech_ca07tt_08.webp,True,keep_clean_bg,True,False,0.63855,0.976,0.073303,0.0
tapetech_ca08tt_01.webp,True,keep_clean_bg,True,False,0.551758,0.994667,0.327332,0.002
tapetech_ca08tt_02.webp,True,keep_clean_bg,True,False,0.710632,1.0,0.04248,0.0
tapetech_ca08tt_03.webp,True,keep_clean_bg,True,False,0.686157,1.0,0.114319,0.0
tapetech_ca08tt_04.webp,True,keep_clean_bg,True,False,0.70166,1.0,0.204651,0.0
tapetech_ca08tt_06.webp,True,keep_clean_bg,True,False,0.618835,0.996667,0.047302,0.0
tapetech_ca08tt_07.webp,True,keep_clean_bg,True,False,0.626038,0.994667,0.069336,0.0
tapetech_caatt_01.webp,True,keep_clean_bg,True,False,0.670166,0.969333,0.000916,0.0
tapetech_caatt_02.webp,True,keep_clean_bg,True,False,0.704102,0.974,6.1e-05,0.0
tapetech_caatt_03.webp,True,keep_clean_bg,True,False,0.723877,1.0,0.0,0.0
tapetech_caatt_04.webp,True,keep_clean_bg,True,False,0.816589,1.0,0.0,0.0
tapetech_ccage04_01.webp,True,keep_clean_bg,True,False,0.966858,1.0,0.009216,0.0
tapetech_ccage04_02.webp,True,keep_clean_bg,True,False,0.963196,1.0,0.013733,0.0
tapetech_ccage04_03.webp,True,keep_clean_bg,True,False,0.963379,1.0,0.013245,0.0
tapetech_ccage04_04.webp,True,keep_clean_bg,True,False,0.963623,1.0,0.013123,0.0
tapetech_ccage04_05.webp,True,keep_clean_bg,True,False,0.964844,1.0,0.012939,0.0
tapetech_ccage04_06.webp,True,keep_clean_bg,True,False,0.96698,1.0,0.009277,0.0
tapetech_ccage04_07.webp,True,keep_clean_bg,True,False,0.963257,1.0,0.013733,0.0
tapetech_ccage04_08.webp,True,keep_clean_bg,True,False,0.963501,1.0,0.013306,0.0
tapetech_ccage04_09.webp,True,keep_clean_bg,True,False,0.963867,1.0,0.013367,0.0
tapetech_ccage04_10.webp,True,keep_clean_bg,True,False,0.964844,1.0,0.012756,0.0
tapetech_ccage09_01.webp,True,keep_clean_bg,True,False,0.954346,1.0,0.009705,0.0
tapetech_ccage09_02.webp,True,keep_clean_bg,True,False,0.953186,1.0,0.013672,0.0
tapetech_ccage09_03.webp,True,keep_clean_bg,True,False,0.952393,1.0,0.013794,0.0
tapetech_ccage09_04.webp,True,keep_clean_bg,True,False,0.95105,1.0,0.012451,0.0
tapetech_ccage09_05.webp,True,keep_clean_bg,True,False,0.953247,1.0,0.009521,0.0
tapetech_ccage09_06.webp,True,keep_clean_bg,True,False,0.954529,1.0,0.009583,0.0
tapetech_ccage09_07.webp,True,keep_clean_bg,True,False,0.953308,1.0,0.013672,0.0
tapetech_ccage09_08.webp,True,keep_clean_bg,True,False,0.952759,1.0,0.013794,0.0
tapetech_ccage09_09.webp,True,keep_clean_bg,True,False,0.951355,1.0,0.01239,0.0
tapetech_ccage09_10.webp,True,keep_clean_bg,True,False,0.95343,1.0,0.009705,0.0
tapetech_ccage12_01.webp,True,keep_clean_bg,True,False,0.921082,1.0,0.014343,0.0
tapetech_ccage12_02.webp,True,keep_clean_bg,True,False,0.942078,1.0,0.013306,0.0
tapetech_ccage12_03.webp,True,keep_clean_bg,True,False,0.941956,1.0,0.014221,0.0
tapetech_ccage12_04.webp,True,keep_clean_bg,True,False,0.941284,1.0,0.014221,0.0
tapetech_ccage12_05.webp,True,keep_clean_bg,True,False,0.942993,1.0,0.013489,0.0
tapetech_ccage12_06.webp,True,keep_clean_bg,True,False,0.942322,1.0,0.013367,0.0
tapetech_ccage12_07.webp,True,keep_clean_bg,True,False,0.942261,1.0,0.01416,0.0
tapetech_ccage12_08.webp,True,keep_clean_bg,True,False,0.941345,1.0,0.014343,0.0
tapetech_ccage12_09.webp,True,keep_clean_bg,True,False,0.942932,1.0,0.013367,0.0
tapetech_cfatt_01.webp,True,keep_clean_bg,True,False,0.767883,1.0,0.0,0.0
tapetech_cfatt_02.webp,True,keep_clean_bg,True,False,0.841919,1.0,0.0,0.0
tapetech_ch55tt_03.webp,True,keep_clean_bg,True,False,0.764832,0.981333,0.0,0.0
tapetech_ch75tt_03.webp,True,keep_clean_bg,True,False,0.811157,0.987333,0.0,0.0
tapetech_ch83tt_03.webp,True,keep_clean_bg,True,False,0.825256,0.988667,0.0,0.0
tapetech_ch90tt_03.webp,True,keep_clean_bg,True,False,0.829651,0.978667,0.0,0.0
tapetech_ck06cstt_01.webp,True,keep_clean_bg,True,False,0.684692,0.977333,0.0,0.0
tapetech_ck06cstt_02.webp,True,keep_clean_bg,True,False,0.81665,1.0,0.0,0.0
tapetech_ck06cstt_03.webp,True,keep_clean_bg,True,False,0.894104,1.0,0.0,0.0
tapetech_ck06cstt_05.webp,True,keep_clean_bg,True,False,0.834106,1.0,0.00647,0.0
tapetech_ck06cstt_06.webp,True,keep_clean_bg,True,False,0.839294,1.0,0.0,0.0
tapetech_croll02_01.webp,True,keep_clean_bg,True,False,0.925903,1.0,0.015137,0.0
tapetech_croll02_02.webp,True,keep_clean_bg,True,False,0.95166,1.0,0.013428,0.0
tapetech_croll02_03.webp,True,keep_clean_bg,True,False,0.931458,1.0,0.020081,0.0
tapetech_croll02_04.webp,True,keep_clean_bg,True,False,0.932861,1.0,0.015869,0.0
tapetech_croll02_05.webp,True,keep_clean_bg,True,False,0.939941,1.0,0.012146,0.0
tapetech_croll04_01.webp,True,keep_clean_bg,True,False,0.950684,1.0,0.004517,0.0
tapetech_croll04_02.webp,True,keep_clean_bg,True,False,0.950745,1.0,0.002747,0.0
tapetech_croll04_03.webp,True,keep_clean_bg,True,False,0.949585,1.0,0.004822,0.0
tapetech_croll04_04.webp,True,keep_clean_bg,True,False,0.950745,1.0,0.004639,0.0
tapetech_croll04_05.webp,True,keep_clean_bg,True,False,0.950806,1.0,0.002808,0.0
tapetech_croll04_06.webp,True,keep_clean_bg,True,False,0.949585,1.0,0.004822,0.0
tapetech_croll09_01.webp,True,keep_clean_bg,True,False,0.908875,1.0,0.003418,0.0
tapetech_croll09_02.webp,True,keep_clean_bg,True,False,0.906921,1.0,0.001343,0.0
tapetech_croll09_03.webp,True,keep_clean_bg,True,False,0.911804,1.0,0.00647,0.0
tapetech_croll09_04.webp,True,keep_clean_bg,True,False,0.908997,1.0,0.003418,0.0
tapetech_croll09_05.webp,True,keep_clean_bg,True,False,0.906921,1.0,0.001343,0.0
tapetech_croll09_06.webp,True,keep_clean_bg,True,False,0.911865,1.0,0.00647,0.0
tapetech_croll12_01.webp,True,keep_clean_bg,True,False,0.870422,1.0,0.002991,0.0
tapetech_croll12_02.webp,True,keep_clean_bg,True,False,0.864868,1.0,0.001709,0.0
tapetech_croll12_03.webp,True,keep_clean_bg,True,False,0.868469,1.0,0.001953,0.0
tapetech_croll12_04.webp,True,keep_clean_bg,True,False,0.870483,1.0,0.00293,0.0
tapetech_croll12_05.webp,True,keep_clean_bg,True,False,0.864929,1.0,0.001648,0.0
tapetech_croll12_06.webp,True,keep_clean_bg,True,False,0.868408,1.0,0.001953,0.0
tapetech_crollhan2_01.webp,True,keep_clean_bg,True,False,0.963806,1.0,0.0,0.0
tapetech_crollhan2_02.webp,True,keep_clean_bg,True,False,0.975647,1.0,0.0,0.0
tapetech_crollhan2_03.webp,True,keep_clean_bg,True,False,0.965393,1.0,0.0,0.0
tapetech_crollhan2_04.webp,True,keep_clean_bg,True,False,0.941101,1.0,0.006958,0.0
tapetech_crollhan2_06.webp,True,keep_clean_bg,True,False,0.963928,1.0,0.0,0.0
tapetech_crollhan2_07.webp,True,keep_clean_bg,True,False,0.975708,1.0,0.0,0.0
tapetech_crollhan2_08.webp,True,keep_clean_bg,True,False,0.962585,0.996,0.0,0.0
tapetech_ehc07_03.webp,True,keep_clean_bg,True,False,0.585632,0.990667,0.31134,0.001333
tapetech_ehc07_07.webp,True,keep_clean_bg,True,False,0.705261,1.0,0.040527,0.0
tapetech_ehc07_08.webp,True,keep_clean_bg,True,False,0.637634,1.0,0.208557,0.0
tapetech_ehc10_01.webp,True,keep_clean_bg,True,False,0.61908,0.975333,0.270203,0.008
tapetech_ehc10_02.webp,True,keep_clean_bg,True,False,0.559082,0.95,0.312927,0.015333
tapetech_ehc10_03.webp,True,keep_clean_bg,True,False,0.617554,0.986667,0.28363,0.0
tapetech_ehc10_10.webp,True,keep_clean_bg,True,False,0.690735,1.0,0.21106,0.0
tapetech_ehc12_02.webp,True,keep_clean_bg,True,False,0.636841,0.958,0.259338,0.018
tapetech_ehc12_03.webp,True,keep_clean_bg,True,False,0.629211,0.985333,0.273743,0.000667
tapetech_ehc12_07.webp,True,keep_clean_bg,True,False,0.723389,1.0,0.079956,0.0
tapetech_ehc12_08.webp,True,keep_clean_bg,True,False,0.619995,1.0,0.238037,0.0
tapetech_ehc12_09.webp,True,keep_clean_bg,True,False,0.607788,1.0,0.301331,0.0
tapetech_ez07tt_01.webp,True,keep_clean_bg,True,False,0.664185,1.0,0.219421,0.0
tapetech_ez07tt_02.webp,True,keep_clean_bg,True,False,0.629883,1.0,0.24176,0.0
tapetech_ez07tt_03.webp,True,keep_clean_bg,True,False,0.663452,1.0,0.230713,0.0
tapetech_ez07tt_04.webp,True,keep_clean_bg,True,False,0.642334,1.0,0.205139,0.0
tapetech_ez07tt_05.webp,True,keep_clean_bg,True,False,0.603271,1.0,0.306885,0.0
tapetech_ez07tt_06.webp,True,keep_clean_bg,True,False,0.602661,1.0,0.309082,0.0
tapetech_ez07tt_07.webp,True,keep_clean_bg,True,False,0.745239,1.0,0.160217,0.0
tapetech_ez07tt_08.webp,True,keep_clean_bg,True,False,0.650696,1.0,0.117188,0.0
tapetech_ez07tt_09.webp,True,keep_clean_bg,True,False,0.603882,1.0,0.063843,0.0
tapetech_ez10tt_01.webp,True,keep_clean_bg,True,False,0.681335,0.996667,0.215576,0.0
tapetech_ez10tt_02.webp,True,keep_clean_bg,True,False,0.645386,0.997333,0.247192,0.0
tapetech_ez10tt_04.webp,True,keep_clean_bg,True,False,0.616516,1.0,0.298767,0.0
tapetech_ez10tt_08.webp,True,keep_clean_bg,True,False,0.645386,0.997333,0.245728,0.0
tapetech_ez10tt_09.webp,True,keep_clean_bg,True,False,0.645508,0.998,0.245544,0.0
tapetech_ez10tt_10.webp,True,keep_clean_bg,True,False,0.646179,1.0,0.122437,0.0
tapetech_ez12tt_01.webp,True,keep_clean_bg,True,False,0.695557,0.983333,0.18689,0.002667
tapetech_ez12tt_02.webp,True,keep_clean_bg,True,False,0.688232,1.0,0.214905,0.0
tapetech_ez12tt_03.webp,True,keep_clean_bg,True,False,0.600342,1.0,0.234375,0.0
tapetech_ez12tt_04.webp,True,keep_clean_bg,True,False,0.661316,1.0,0.263062,0.0
tapetech_ez12tt_07.webp,True,keep_clean_bg,True,False,0.688416,1.0,0.215637,0.0
tapetech_ez12tt_08.webp,True,keep_clean_bg,True,False,0.68866,1.0,0.214783,0.0
tapetech_ez12tt_09.webp,True,keep_clean_bg,True,False,0.716614,1.0,0.107239,0.0
tapetech_ez12tt_10.webp,True,keep_clean_bg,True,False,0.600525,1.0,0.233887,0.0
tapetech_ez12tt_11.webp,True,keep_clean_bg,True,False,0.661865,1.0,0.263489,0.0
tapetech_ez15tt_01.webp,True,keep_clean_bg,True,False,0.733582,0.961333,0.17865,0.015333
tapetech_ez15tt_02.webp,True,keep_clean_bg,True,False,0.744995,0.960667,0.137634,0.002
tapetech_ez15tt_03.webp,True,keep_clean_bg,True,False,0.689819,0.956,0.216064,0.012
tapetech_ez15tt_04.webp,True,keep_clean_bg,True,False,0.680237,0.965333,0.182983,0.011333
tapetech_ez15tt_05.webp,True,keep_clean_bg,True,False,0.661621,0.960667,0.274292,0.009333
tapetech_ez15tt_06.webp,True,keep_clean_bg,True,False,0.657471,0.955333,0.280273,0.008667
tapetech_ez15tt_08.webp,True,keep_clean_bg,True,False,0.655579,1.0,0.218628,0.0
tapetech_ez15tt_09.webp,True,keep_clean_bg,True,False,0.707917,1.0,0.111228,0.0
tapetech_ez15tt_10.webp,True,keep_clean_bg,True,False,0.828308,1.0,0.034363,0.0
tapetech_ez15tt_11.webp,True,keep_clean_bg,True,False,0.791931,1.0,0.025452,0.0
tapetech_ez15tt_12.webp,True,keep_clean_bg,True,False,0.797668,1.0,0.068726,0.0
tapetech_fhtt_01.webp,True,keep_clean_bg,True,False,0.869446,0.966,0.0,0.0
tapetech_fhtt_03.webp,True,keep_clean_bg,True,False,0.795349,0.956667,0.0,0.0
tapetech_fhtt_04.webp,True,keep_clean_bg,True,False,0.9328,0.986,0.0,0.0
tapetech_fhtt_05.webp,True,keep_clean_bg,True,False,0.970215,1.0,0.0,0.0
tapetech_fhtt_06.webp,True,keep_clean_bg,True,False,0.827393,0.948,0.0,0.0
tapetech_fhtt_07.webp,True,keep_clean_bg,True,False,0.900024,0.976,0.0,0.0
tapetech_fhtt_08.webp,True,keep_clean_bg,True,False,0.914673,0.978,0.0,0.0
tapetech_fhtt_09.webp,True,keep_clean_bg,True,False,0.886353,0.98,0.0,0.0
tapetech_fhtt_10.webp,True,keep_clean_bg,True,False,0.776611,0.97,0.038086,0.0
tapetech_fhttcc_01.webp,True,keep_clean_bg,True,False,0.878906,0.982,0.0,0.0
tapetech_fhttcc_02.webp,True,keep_clean_bg,True,False,0.872437,0.988,0.0,0.0
tapetech_fhttcc_04.webp,True,keep_clean_bg,True,False,0.887451,0.972667,0.0,0.0
tapetech_fhttcc_05.webp,True,keep_clean_bg,True,False,0.927368,1.0,0.0,0.0
tapetech_fhttcc_06.webp,True,keep_clean_bg,True,False,0.939758,1.0,0.0,0.0
tapetech_fhttcc_07.webp,True,keep_clean_bg,True,False,0.935547,1.0,0.0,0.0
tapetech_fhttcc_08.webp,True,keep_clean_bg,True,False,0.936157,1.0,0.01416,0.0
tapetech_gsrtt_03.webp,True,keep_clean_bg,True,False,0.724548,0.940667,0.0,0.0
tapetech_gsrtt_04.webp,True,keep_clean_bg,True,False,0.927246,1.0,0.0,0.0
tapetech_gsrtt_05.webp,True,keep_clean_bg,True,False,0.917358,1.0,0.0,0.0
tapetech_gsrtt_06.webp,True,keep_clean_bg,True,False,0.892578,1.0,0.0,0.0
tapetech_jct01tt_01.webp,True,keep_clean_bg,True,False,0.861755,0.982667,0.008728,0.004
tapetech_jct01tt_02.webp,True,keep_clean_bg,True,False,0.944641,1.0,0.00415,0.0
tapetech_jct01tt_03.webp,True,keep_clean_bg,True,False,0.933838,1.0,0.00592,0.0
tapetech_jct01tt_04.webp,True,keep_clean_bg,True,False,0.923401,1.0,0.006592,0.0
tapetech_jct01tt_05.webp,True,keep_clean_bg,True,False,0.924744,1.0,0.004272,0.0
tapetech_jk01sstt_01.webp,True,keep_clean_bg,True,False,0.776306,0.981333,0.021484,0.006
tapetech_jk01sstt_02.webp,True,keep_clean_bg,True,False,0.925903,1.0,0.019836,0.0
tapetech_jk02sstt_01.webp,True,keep_clean_bg,True,False,0.737122,0.982,0.012878,0.005333
tapetech_jk02sstt_02.webp,True,keep_clean_bg,True,False,0.907715,1.0,0.019897,0.0
tapetech_jk03sstt_01.webp,True,keep_clean_bg,True,False,0.861511,1.0,0.0,0.0
tapetech_jk03sstt_02.webp,True,keep_clean_bg,True,False,0.852356,1.0,0.0,0.0
tapetech_jk03sstt_03.webp,True,keep_clean_bg,True,False,0.881897,1.0,0.0,0.0
tapetech_jk03sstt_04.webp,True,keep_clean_bg,True,False,0.887817,1.0,0.0,0.0
tapetech_jk03sstt_05.webp,True,keep_clean_bg,True,False,0.838501,1.0,0.0,0.0
tapetech_jk03sstt_06.webp,True,keep_clean_bg,True,False,0.861511,1.0,0.0,0.0
tapetech_jk03sstt_07.webp,True,keep_clean_bg,True,False,0.852356,1.0,0.0,0.0
tapetech_jk03sstt_08.webp,True,keep_clean_bg,True,False,0.881958,1.0,0.0,0.0
tapetech_jk03sstt_09.webp,True,keep_clean_bg,True,False,0.888,1.0,0.0,0.0
tapetech_jk03sstt_10.webp,True,keep_clean_bg,True,False,0.838257,1.0,0.0,0.0
tapetech_jk04cstt_01.webp,True,keep_clean_bg,True,False,0.674866,0.981333,0.012756,0.005333
tapetech_jk04cstt_02.webp,True,keep_clean_bg,True,False,0.883057,1.0,0.019897,0.0
tapetech_jk04sstt_01.webp,True,keep_clean_bg,True,False,0.690186,0.992,0.012695,0.0
tapetech_jk04sstt_02.webp,True,keep_clean_bg,True,False,0.868225,1.0,0.019897,0.0
tapetech_jk05sstt_01.webp,True,keep_clean_bg,True,False,0.66095,0.966667,0.012451,0.006667
tapetech_jk05sstt_02.webp,True,keep_clean_bg,True,False,0.851013,1.0,0.019836,0.0
tapetech_jk06cstt_01.webp,True,keep_clean_bg,True,False,0.642273,0.972,0.012695,0.003333
tapetech_jk06cstt_02.webp,True,keep_clean_bg,True,False,0.856934,1.0,0.019775,0.0
tapetech_jk06sstt_01.webp,True,keep_clean_bg,True,False,0.675842,0.989333,0.016113,0.003333
tapetech_jk06sstt_02.webp,True,keep_clean_bg,True,False,0.830994,1.0,0.019714,0.0
tapetech_js01_01.webp,True,keep_clean_bg,True,False,0.868958,0.964,0.049927,0.021333
tapetech_js01_02.webp,True,keep_clean_bg,True,False,0.844543,0.988,0.078491,0.002
tapetech_js01_03.webp,True,keep_clean_bg,True,False,0.926208,0.976667,0.032043,0.015333
tapetech_mr01tt_01.webp,True,keep_clean_bg,True,False,0.803894,0.967333,0.011658,0.0
tapetech_mr01tt_02.webp,True,keep_clean_bg,True,False,0.947632,1.0,0.003357,0.0
tapetech_mrx01tt_01.webp,True,keep_clean_bg,True,False,0.712952,0.961333,0.0,0.0
tapetech_ns02tt_02.webp,True,keep_clean_bg,True,False,0.63446,1.0,0.0,0.0
tapetech_ns02tt_04.webp,True,keep_clean_bg,True,False,0.598083,0.98,0.000244,0.0
tapetech_ns02tt_06.webp,True,keep_clean_bg,True,False,0.737366,1.0,0.0,0.0
tapetech_ns02tt_07.webp,True,keep_clean_bg,True,False,0.599854,1.0,0.205627,0.0
tapetech_ns02tt_08.webp,True,keep_clean_bg,True,False,0.820618,1.0,0.085266,0.0
tapetech_ns03tt_04.webp,True,keep_clean_bg,True,False,0.575073,0.99,0.000305,0.0
tapetech_ns03tt_05.webp,True,keep_clean_bg,True,False,0.688843,1.0,0.0,0.0
tapetech_ns03tt_06.webp,True,keep_clean_bg,True,False,0.774658,1.0,0.165649,0.0
tapetech_ns03tt_07.webp,True,keep_clean_bg,True,False,0.708252,1.0,0.200562,0.0
tapetech_nsatt_01.webp,True,keep_clean_bg,True,False,0.793701,1.0,0.0,0.0
tapetech_nsatt_02.webp,True,keep_clean_bg,True,False,0.809814,1.0,0.0,0.0
tapetech_pahc07_01.webp,True,keep_clean_bg,True,False,0.636719,1.0,0.239075,0.0
tapetech_pahc07_03.webp,True,keep_clean_bg,True,False,0.607544,1.0,0.252136,0.0
tapetech_pahc07_07.webp,True,keep_clean_bg,True,False,0.677612,1.0,0.204956,0.0
tapetech_pahc07_08.webp,True,keep_clean_bg,True,False,0.688965,1.0,0.176208,0.0
tapetech_pahc07_09.webp,True,keep_clean_bg,True,False,0.68335,1.0,0.188599,0.0
tapetech_pahc07_10.webp,True,keep_clean_bg,True,False,0.551025,1.0,0.318298,0.0
tapetech_pahc07_13.webp,True,keep_clean_bg,True,False,0.829128,0.974462,0.096286,0.018145
tapetech_pahc10_01.webp,True,keep_clean_bg,True,False,0.594727,0.962,0.286072,0.014667
tapetech_pahc10_02.webp,True,keep_clean_bg,True,False,0.561035,0.988,0.18512,0.000667
tapetech_pahc10_03.webp,True,keep_clean_bg,True,False,0.584351,0.976,0.277222,0.003333
tapetech_pahc10_08.webp,True,keep_clean_bg,True,False,0.674561,1.0,0.21106,0.0
tapetech_pahc10_09.webp,True,keep_clean_bg,True,False,0.707031,1.0,0.154175,0.0
tapetech_pahc10_10.webp,True,keep_clean_bg,True,False,0.568176,1.0,0.329712,0.0
tapetech_pahc10_13.webp,True,keep_clean_bg,True,False,0.704346,1.0,0.17572,0.0
tapetech_pahc10_14.webp,True,keep_clean_bg,True,False,0.818278,0.974462,0.104656,0.018145
tapetech_pahc12_01.webp,True,keep_clean_bg,True,False,0.606995,0.973333,0.271179,0.008
tapetech_pahc12_02.webp,True,keep_clean_bg,True,False,0.664917,0.973333,0.176636,0.004667
tapetech_pahc12_07.webp,True,keep_clean_bg,True,False,0.701172,1.0,0.185913,0.0
tapetech_pahc12_08.webp,True,keep_clean_bg,True,False,0.701965,1.0,0.170349,0.0
tapetech_pahc12_11.webp,True,keep_clean_bg,True,False,0.764526,1.0,0.140686,0.0
tapetech_pahc12_12.webp,True,keep_clean_bg,True,False,0.663025,1.0,0.264099,0.0
tapetech_pahc12_13.webp,True,keep_clean_bg,True,False,0.8233,0.976478,0.104346,0.016801
tapetech_pfk07tt_01.webp,True,keep_clean_bg,True,False,0.594299,0.990667,0.082886,0.0
tapetech_pfk07tt_03.webp,True,keep_clean_bg,True,False,0.751099,0.989333,0.054199,0.000667
tapetech_pfk07tt_04.webp,True,keep_clean_bg,True,False,0.790222,0.996667,0.002625,0.0
tapetech_pfk07tt_05.webp,True,keep_clean_bg,True,False,0.71582,1.0,0.012451,0.0
tapetech_pfk12tt_01.webp,True,keep_clean_bg,True,False,0.593445,0.982,0.05835,0.006
tapetech_pfk12tt_02.webp,True,keep_clean_bg,True,False,0.743469,1.0,0.010376,0.0
tapetech_pfk14tt_01.webp,True,keep_clean_bg,True,False,0.626892,0.992667,0.065857,0.000667
tapetech_pfk14tt_02.webp,True,keep_clean_bg,True,False,0.790894,1.0,0.016357,0.0
tapetech_pfk18tt_01.webp,True,keep_clean_bg,True,False,0.660706,0.988,0.06366,0.004667
tapetech_pfk18tt_02.webp,True,keep_clean_bg,True,False,0.85199,1.0,0.114868,0.0
tapetech_pfk24tt_01.webp,True,keep_clean_bg,True,False,0.700745,0.98,0.060974,0.007333
tapetech_pfk24tt_02.webp,True,keep_clean_bg,True,False,0.842773,1.0,0.119995,0.0
tapetech_pfk32tt_01.webp,True,keep_clean_bg,True,False,0.746582,0.984,0.053589,0.007333
tapetech_pfk32tt_02.webp,True,keep_clean_bg,True,False,0.885193,1.0,0.011292,0.0
tapetech_pfk40tt_01.webp,True,keep_clean_bg,True,False,0.780457,0.996667,0.050415,0.0
tapetech_pfk40tt_02.webp,True,keep_clean_bg,True,False,0.907104,1.0,0.010498,0.0
tapetech_pfk48tt_01.webp,True,keep_clean_bg,True,False,0.804932,0.985333,0.053284,0.003333
tapetech_pfk48tt_02.webp,True,keep_clean_bg,True,False,0.920471,1.0,0.010193,0.0
tapetech_pfkhatt_01.webp,True,keep_clean_bg,True,False,0.593506,0.998,0.0,0.0
tapetech_pfkhatt_03.webp,True,keep_clean_bg,True,False,0.694763,0.974667,0.0,0.0
tapetech_pfkhatt_04.webp,True,keep_clean_bg,True,False,0.769592,0.998,0.0,0.0
tapetech_pfkhatt_05.webp,True,keep_clean_bg,True,False,0.783508,1.0,0.017578,0.0
tapetech_pfkhatt_06.webp,True,keep_clean_bg,True,False,0.768677,1.0,0.0,0.0
tapetech_pfkhatt_07.webp,True,keep_clean_bg,True,False,0.764709,1.0,0.0,0.0
tapetech_pfkhatt_08.webp,True,keep_clean_bg,True,False,0.771484,1.0,0.0,0.0
tapetech_pfkhatt_09.webp,True,keep_clean_bg,True,False,0.799072,1.0,0.0,0.0
tapetech_pk35cstt_01.webp,True,keep_clean_bg,True,False,0.622925,0.953333,0.000366,0.0
tapetech_pk35cstt_02.webp,True,keep_clean_bg,True,False,0.848938,1.0,0.0,0.0
tapetech_pk35cstt_03.webp,True,keep_clean_bg,True,False,0.908813,1.0,0.0,0.0
tapetech_pk35cstt_06.webp,True,keep_clean_bg,True,False,0.834106,1.0,0.00647,0.0
tapetech_pk35cstt_07.webp,True,keep_clean_bg,True,False,0.839294,1.0,0.0,0.0
tapetech_pmp001_01.webp,True,keep_clean_bg,True,False,0.765625,0.984,0.0,0.0
tapetech_pmp001_02.webp,True,keep_clean_bg,True,False,0.962402,1.0,0.0,0.0
tapetech_qb06qsx_01.webp,True,keep_clean_bg,True,False,0.708557,1.0,0.0,0.0
tapetech_qb06qsx_02.webp,True,keep_clean_bg,True,False,0.820618,0.973333,0.0,0.0
tapetech_qb06qsx_03.webp,True,keep_clean_bg,True,False,0.744812,1.0,0.0,0.0
tapetech_qb06qsx_04.webp,True,keep_clean_bg,True,False,0.755554,1.0,0.0,0.0
tapetech_qb06qsx_05.webp,True,keep_clean_bg,True,False,0.624939,1.0,0.0,0.0
tapetech_qb06qsx_06.webp,True,keep_clean_bg,True,False,0.672363,0.981333,0.0,0.0
tapetech_qb06qsx_07.webp,True,keep_clean_bg,True,False,0.668396,1.0,0.0,0.0
tapetech_qb06qsx_11.webp,True,keep_clean_bg,True,False,0.742859,1.0,0.0,0.0
tapetech_qb06qsx_12.webp,True,keep_clean_bg,True,False,0.688599,1.0,0.0,0.0
tapetech_qb06qsx_13.webp,True,keep_clean_bg,True,False,0.712524,1.0,0.0,0.0
tapetech_qb06qsx_14.webp,True,keep_clean_bg,True,False,0.68158,1.0,0.0,0.0
tapetech_qb06qsx_15.webp,True,keep_clean_bg,True,False,0.785583,1.0,0.015991,0.0
tapetech_qb06qsx_18.webp,True,keep_clean_bg,True,False,0.750183,1.0,0.013062,0.0
tapetech_qb06qsx_19.webp,True,keep_clean_bg,True,False,0.753662,0.995333,0.037415,0.0
tapetech_qb08qsx_01.webp,True,keep_clean_bg,True,False,0.629944,0.983333,0.0,0.0
tapetech_qb08qsx_03.webp,True,keep_clean_bg,True,False,0.603088,0.996667,0.0,0.0
tapetech_qb08qsx_05.webp,True,keep_clean_bg,True,False,0.557922,0.990667,0.0,0.0
tapetech_qb08qsx_06.webp,True,keep_clean_bg,True,False,0.731079,0.998667,0.0,0.0
tapetech_qb08qsx_07.webp,True,keep_clean_bg,True,False,0.615845,0.995333,0.0,0.0
tapetech_qb08qsx_10.webp,True,keep_clean_bg,True,False,0.721436,1.0,0.0,0.0
tapetech_qb08qsx_11.webp,True,keep_clean_bg,True,False,0.681702,1.0,0.0,0.0
tapetech_qb08qsx_13.webp,True,keep_clean_bg,True,False,0.750183,1.0,0.013062,0.0
tapetech_qb08qsx_14.webp,True,keep_clean_bg,True,False,0.753662,0.995333,0.037415,0.0
tapetech_rtc20tt_01.webp,True,keep_clean_bg,True,False,0.735352,0.992,0.061584,0.001333
tapetech_rtc20tt_02.webp,True,keep_clean_bg,True,False,0.789612,0.954,0.048462,0.009333
tapetech_rtc26tt_01.webp,True,keep_clean_bg,True,False,0.749634,0.983333,0.042297,0.008667
tapetech_rtc26tt_02.webp,True,keep_clean_bg,True,False,0.81897,0.946,0.030579,0.012667
tapetech_rts20tt_01.webp,True,keep_clean_bg,True,False,0.74408,0.996667,0.063171,0.000667
tapetech_rts20tt_02.webp,True,keep_clean_bg,True,False,0.796082,0.960667,0.050232,0.006
tapetech_rts26tt_01.webp,True,keep_clean_bg,True,False,0.747009,0.974667,0.040527,0.012
tapetech_rts26tt_02.webp,True,keep_clean_bg,True,False,0.816345,0.94,0.029236,0.011333
tapetech_scp02_01.webp,True,keep_clean_bg,True,False,0.810181,1.0,0.039917,0.0
tapetech_scp02_02.webp,True,keep_clean_bg,True,False,0.807312,1.0,0.039978,0.0
tapetech_scp02_03.webp,True,keep_clean_bg,True,False,0.7901,1.0,0.039246,0.0
tapetech_scp02_04.webp,True,keep_clean_bg,True,False,0.812439,1.0,0.026917,0.0
tapetech_scp02_05.webp,True,keep_clean_bg,True,False,0.801514,1.0,0.03949,0.0
tapetech_tg12053ps_01.webp,True,keep_clean_bg,True,False,0.749512,0.987333,0.077576,0.000667
tapetech_tg12053ps_02.webp,True,keep_clean_bg,True,False,0.74762,0.986667,0.076294,0.001333
tapetech_tg12053ps_03.webp,True,keep_clean_bg,True,False,0.710144,0.986,0.072754,0.001333
tapetech_tg12053ps_04.webp,True,keep_clean_bg,True,False,0.716064,0.986,0.077637,0.0
tapetech_tg12053ps_05.webp,True,keep_clean_bg,True,False,0.742126,0.959333,0.092834,0.001333
tapetech_tg120565pscu_01.webp,True,keep_clean_bg,True,False,0.740479,0.986667,0.060486,0.0
tapetech_tg120565pscu_02.webp,True,keep_clean_bg,True,False,0.732849,0.99,0.062439,0.0
tapetech_tg120565pscu_03.webp,True,keep_clean_bg,True,False,0.703308,0.986,0.075256,0.0
tapetech_tg120565pscu_04.webp,True,keep_clean_bg,True,False,0.71698,0.988667,0.056274,0.0
tapetech_tg120565pscu_05.webp,True,keep_clean_bg,True,False,0.737854,0.977333,0.053467,0.0
tapetech_tg14053ps_01.webp,True,keep_clean_bg,True,False,0.776306,0.984667,0.070557,0.0
tapetech_tg14053ps_02.webp,True,keep_clean_bg,True,False,0.774597,0.985333,0.068359,0.000667
tapetech_tg14053ps_03.webp,True,keep_clean_bg,True,False,0.737671,0.986667,0.079529,0.000667
tapetech_tg14053ps_04.webp,True,keep_clean_bg,True,False,0.77655,0.985333,0.067444,0.001333
tapetech_tg14053ps_05.webp,True,keep_clean_bg,True,False,0.786133,0.978667,0.046143,0.0
tapetech_tg14054ps_01.webp,True,keep_clean_bg,True,False,0.769775,0.984667,0.075439,0.000667
tapetech_tg14054ps_02.webp,True,keep_clean_bg,True,False,0.764893,0.982667,0.079651,0.0
tapetech_tg14054ps_03.webp,True,keep_clean_bg,True,False,0.768372,0.988,0.08197,0.0
tapetech_tg14054ps_04.webp,True,keep_clean_bg,True,False,0.769348,0.986667,0.0849,0.000667
tapetech_tg14054ps_05.webp,True,keep_clean_bg,True,False,0.776794,0.973333,0.075928,0.001333
tapetech_tg140565pscu_01.webp,True,keep_clean_bg,True,False,0.766479,0.984,0.109985,0.0
tapetech_tg140565pscu_02.webp,True,keep_clean_bg,True,False,0.728943,0.985333,0.128235,0.0
tapetech_tg140565pscu_03.webp,True,keep_clean_bg,True,False,0.73175,0.984,0.116638,0.0
tapetech_tg140565pscu_04.webp,True,keep_clean_bg,True,False,0.764526,0.982667,0.109924,0.0
tapetech_tg140565pscu_05.webp,True,keep_clean_bg,True,False,0.771667,0.966667,0.075928,0.0
tapetech_tg16053ps_01.webp,True,keep_clean_bg,True,False,0.795044,0.981333,0.047485,0.0
tapetech_tg16053ps_02.webp,True,keep_clean_bg,True,False,0.798645,0.985333,0.045654,0.001333
tapetech_tg16053ps_03.webp,True,keep_clean_bg,True,False,0.757996,0.987333,0.05365,0.000667
tapetech_tg16053ps_04.webp,True,keep_clean_bg,True,False,0.800903,0.985333,0.042175,0.0
tapetech_tg16053ps_05.webp,True,keep_clean_bg,True,False,0.825745,0.99,0.029968,0.0
tapetech_tg16054ps_01.webp,True,keep_clean_bg,True,False,0.788452,0.982667,0.064697,0.0
tapetech_tg16054ps_02.webp,True,keep_clean_bg,True,False,0.789001,0.985333,0.073181,0.0
tapetech_tg16054ps_03.webp,True,keep_clean_bg,True,False,0.753967,0.987333,0.078613,0.0
tapetech_tg16054ps_04.webp,True,keep_clean_bg,True,False,0.79303,0.988,0.064697,0.0
tapetech_tg16054ps_05.webp,True,keep_clean_bg,True,False,0.80603,0.972,0.057434,0.000667
tapetech_tg18053ps_01.webp,True,keep_clean_bg,True,False,0.81781,0.988667,0.053528,0.0
tapetech_tg18053ps_02.webp,True,keep_clean_bg,True,False,0.819214,0.984,0.05658,0.002
tapetech_tg18053ps_03.webp,True,keep_clean_bg,True,False,0.819824,0.988667,0.048462,0.0
tapetech_tg18053ps_04.webp,True,keep_clean_bg,True,False,0.818298,0.984,0.055908,0.0
tapetech_tg18053ps_05.webp,True,keep_clean_bg,True,False,0.841309,0.977333,0.037659,0.0
tapetech_tg18054ps_01.webp,True,keep_clean_bg,True,False,0.812012,0.987333,0.060547,0.0
tapetech_tg18054ps_02.webp,True,keep_clean_bg,True,False,0.807739,0.986667,0.066895,0.0
tapetech_tg18054ps_03.webp,True,keep_clean_bg,True,False,0.809204,0.982,0.059631,0.0
tapetech_tg18054ps_04.webp,True,keep_clean_bg,True,False,0.807251,0.984667,0.07489,0.0
tapetech_tg18054ps_05.webp,True,keep_clean_bg,True,False,0.827637,0.973333,0.046875,0.0
tapetech_tgp120565ps_01.webp,True,keep_clean_bg,True,False,0.652466,0.946,0.127991,0.003333
tapetech_tgp120565ps_02.webp,True,keep_clean_bg,True,False,0.674988,0.957333,0.113647,0.004
tapetech_tgp120565ps_03.webp,True,keep_clean_bg,True,False,0.656921,0.944667,0.115662,0.002667
tapetech_tgp120565ps_04.webp,True,keep_clean_bg,True,False,0.616821,0.955333,0.125977,0.002
tapetech_tgp120565ps_05.webp,True,keep_clean_bg,True,False,0.710938,0.957333,0.094788,0.002667
tapetech_tgp140565ps_01.webp,True,keep_clean_bg,True,False,0.724304,0.959333,0.080139,0.004667
tapetech_tgp140565ps_02.webp,True,keep_clean_bg,True,False,0.735107,0.957333,0.086914,0.006
tapetech_tgp140565ps_03.webp,True,keep_clean_bg,True,False,0.725281,0.966,0.074646,0.001333
tapetech_tgp140565ps_04.webp,True,keep_clean_bg,True,False,0.681335,0.954667,0.113342,0.002667
tapetech_tgp140565ps_05.webp,True,keep_clean_bg,True,False,0.772278,0.969333,0.065308,0.0
tapetech_tgp160565ps_01.webp,True,keep_clean_bg,True,False,0.759949,0.962667,0.07782,0.001333
tapetech_tgp160565ps_02.webp,True,keep_clean_bg,True,False,0.763611,0.964667,0.076172,0.0
tapetech_tgp160565ps_03.webp,True,keep_clean_bg,True,False,0.759094,0.961333,0.066956,0.005333
tapetech_tgp160565ps_04.webp,True,keep_clean_bg,True,False,0.711182,0.980667,0.117493,0.0
tapetech_tgp160565ps_05.webp,True,keep_clean_bg,True,False,0.795471,0.960667,0.043335,0.0
tapetech_tgp180565ps_01.webp,True,keep_clean_bg,True,False,0.782776,0.962,0.094421,0.007333
tapetech_tgp180565ps_02.webp,True,keep_clean_bg,True,False,0.78125,0.959333,0.101562,0.009333
tapetech_tgp180565ps_03.webp,True,keep_clean_bg,True,False,0.790222,0.968667,0.085266,0.004667
tapetech_tgp180565ps_04.webp,True,keep_clean_bg,True,False,0.737549,0.968,0.119202,0.006
tapetech_tgp180565ps_05.webp,True,keep_clean_bg,True,False,0.819275,0.966667,0.060364,0.0
tapetech_tk08bstt_01.webp,True,keep_clean_bg,True,False,0.633667,0.982667,0.012024,0.0
tapetech_tk08bstt_02.webp,True,keep_clean_bg,True,False,0.843262,1.0,0.015015,0.0
tapetech_tk08bstt_03.webp,True,keep_clean_bg,True,False,0.585022,1.0,0.074341,0.0
tapetech_tk08sstt_01.webp,True,keep_clean_bg,True,False,0.656982,0.997333,0.083923,0.0
tapetech_tk08sstt_02.webp,True,keep_clean_bg,True,False,0.843994,1.0,0.015198,0.0
tapetech_tk08sstt_03.webp,True,keep_clean_bg,True,False,0.585022,1.0,0.074341,0.0
tapetech_tk10bstt_01.webp,True,keep_clean_bg,True,False,0.621216,0.992667,0.011047,0.0
tapetech_tk10bstt_02.webp,True,keep_clean_bg,True,False,0.812561,1.0,0.01532,0.0
tapetech_tk10bstt_03.webp,True,keep_clean_bg,True,False,0.585022,1.0,0.074341,0.0
tapetech_tk10sstt_01.webp,True,keep_clean_bg,True,False,0.625244,0.994,0.01123,0.0
tapetech_tk10sstt_02.webp,True,keep_clean_bg,True,False,0.81311,1.0,0.015076,0.0
tapetech_tk10sstt_03.webp,True,keep_clean_bg,True,False,0.585022,1.0,0.074341,0.0
tapetech_tk12bstt_01.webp,True,keep_clean_bg,True,False,0.621521,0.993333,0.01001,0.0
tapetech_tk12bstt_02.webp,True,keep_clean_bg,True,False,0.781799,1.0,0.01532,0.0
tapetech_tk12bstt_03.webp,True,keep_clean_bg,True,False,0.585022,1.0,0.074341,0.0
tapetech_tk12sstt_01.webp,True,keep_clean_bg,True,False,0.623474,0.990667,0.084045,0.001333
tapetech_tk12sstt_02.webp,True,keep_clean_bg,True,False,0.782532,1.0,0.01532,0.0
tapetech_tk12sstt_03.webp,True,keep_clean_bg,True,False,0.585022,1.0,0.074341,0.0
tapetech_tk14bstt_01.webp,True,keep_clean_bg,True,False,0.65625,0.994667,0.00885,0.0
tapetech_tk14bstt_02.webp,True,keep_clean_bg,True,False,0.751404,1.0,0.01532,0.0
tapetech_tk14bstt_03.webp,True,keep_clean_bg,True,False,0.585022,1.0,0.074341,0.0
tapetech_tk14sstt_01.webp,True,keep_clean_bg,True,False,0.660339,0.994,0.073059,0.000667
tapetech_tk14sstt_02.webp,True,keep_clean_bg,True,False,0.752563,1.0,0.015259,0.0
tapetech_tk14sstt_03.webp,True,keep_clean_bg,True,False,0.585022,1.0,0.074341,0.0
tapetech_vex11075_01.webp,True,keep_clean_bg,True,False,0.649292,0.959333,0.042847,0.011333
tapetech_vex4030_01.webp,True,keep_clean_bg,True,False,0.747864,0.954667,0.082703,0.004
tapetech_vex8025_01.webp,True,keep_clean_bg,True,False,0.759399,0.987333,0.063354,0.002
tapetech_vex8060_01.webp,True,keep_clean_bg,True,False,0.692871,0.964,0.05658,0.009333
tapetech_vin11075_01.webp,True,keep_clean_bg,True,False,0.608398,0.971333,0.085632,0.0
tapetech_vin4030_01.webp,True,keep_clean_bg,True,False,0.707886,0.942667,0.118286,0.015333
tapetech_vin8060_01.webp,True,keep_clean_bg,True,False,0.661743,0.962667,0.062927,0.006667
tapetech_xhtt_01.webp,True,keep_clean_bg,True,False,0.845154,0.945333,0.073669,0.0
tapetech_xhtt_03.webp,True,keep_clean_bg,True,False,0.752686,0.941333,0.011414,0.033333
tapetech_xhtt_04.webp,True,keep_clean_bg,True,False,0.929626,0.981333,0.04187,0.0
tapetech_xhtt_05.webp,True,keep_clean_bg,True,False,0.966919,1.0,0.017761,0.0
tapetech_xhtt_06.webp,True,keep_clean_bg,True,False,0.974243,0.991333,0.002075,0.005333
tapetech_xhtt_07.webp,True,keep_clean_bg,True,False,0.907959,0.982667,0.011719,0.008
tapetech_xhtt_08.webp,True,keep_clean_bg,True,False,0.824707,0.973333,0.024597,0.016
tapetech_xhtt_09.webp,True,keep_clean_bg,True,False,0.898987,0.98,0.010864,0.01
tapetech_xhtt_10.webp,True,keep_clean_bg,True,False,0.936035,0.978,0.007324,0.008
tapetech_xhtt_11.webp,True,keep_clean_bg,True,False,0.851807,0.948,0.012207,0.016667
