"root","path","from","to"
"wp_schematics","Asgard\Schematics\Adapters\FA01-AD\images\FA01-AD_SCH-page-001.webp","FA01-AD_SCH-page-001.webp","FA01-AD-SCH-PAGE-001.webp"
"wp_schematics","Asgard\Schematics\AngleHeads\AH25-AD\images\AH25-AD_SCH-page-001.webp","AH25-AD_SCH-page-001.webp","AH25-AD-SCH-PAGE-001.webp"
"wp_schematics","Asgard\Schematics\AngleHeads\AH30-AD\images\AH30-AD_SCH-page-001.webp","AH30-AD_SCH-page-001.webp","AH30-AD-SCH-PAGE-001.webp"
"wp_schematics","Asgard\Schematics\AngleHeads\AH35-AD\images\AH35-AD_SCH-page-001.webp","AH35-AD_SCH-page-001.webp","AH35-AD-SCH-PAGE-001.webp"
"wp_schematics","Asgard\Schematics\AngleHeads\CA08-AD\images\CA08-AD_SCH-page-001.webp","CA08-AD_SCH-page-001.webp","CA08-AD-SCH-PAGE-001.webp"
"wp_schematics","Asgard\Schematics\AngleHeads\CFA-AD\images\CFA-AD_SCH-page-001.webp","CFA-AD_SCH-page-001.webp","CFA-AD-SCH-PAGE-001.webp"
"wp_schematics","Asgard\Schematics\FinishingBoxes\EHC07-AD\images\EHC07-AD_SCH-page-001.webp","EHC07-AD_SCH-page-001.webp","EHC07-AD-SCH-PAGE-001.webp"
"wp_schematics","Asgard\Schematics\FinishingBoxes\EHC10-AD\images\EHC10-AD_SCH-page-001.webp","EHC10-AD_SCH-page-001.webp","EHC10-AD-SCH-PAGE-001.webp"
"wp_schematics","Asgard\Schematics\FinishingBoxes\EHC12-AD\images\EHC12-AD_SCH-page-001.webp","EHC12-AD_SCH-page-001.webp","EHC12-AD-SCH-PAGE-001.webp"
"wp_schematics","Asgard\Schematics\FinishingBoxes\EZ07-AD\images\EZ07-AD_SCH-page-001.webp","EZ07-AD_SCH-page-001.webp","EZ07-AD-SCH-PAGE-001.webp"
"wp_schematics","Asgard\Schematics\FinishingBoxes\EZ10-AD\images\EZ10-AD_SCH-page-001.webp","EZ10-AD_SCH-page-001.webp","EZ10-AD-SCH-PAGE-001.webp"
"wp_schematics","Asgard\Schematics\FinishingBoxes\EZ12-AD\images\EZ12-AD_SCH-page-001.webp","EZ12-AD_SCH-page-001.webp","EZ12-AD-SCH-PAGE-001.webp"
"wp_schematics","Asgard\Schematics\FinishingBoxes\PA07-AD\images\PA07-AD_SCH-page-001.webp","PA07-AD_SCH-page-001.webp","PA07-AD-SCH-PAGE-001.webp"
"wp_schematics","Asgard\Schematics\FinishingBoxes\PA10-AD\images\PA10-AD_SCH-page-001.webp","PA10-AD_SCH-page-001.webp","PA10-AD-SCH-PAGE-001.webp"
"wp_schematics","Asgard\Schematics\FinishingBoxes\PA12-AD\images\PA12-AD_SCH-page-001.webp","PA12-AD_SCH-page-001.webp","PA12-AD-SCH-PAGE-001.webp"
"wp_schematics","Asgard\Schematics\Handles\BBH-AD\images\BBH-AD_SCH-page-001.webp","BBH-AD_SCH-page-001.webp","BBH-AD-SCH-PAGE-001.webp"
"wp_schematics","Asgard\Schematics\Handles\BBHE-AD\images\BBHE-AD_SCH-page-001.webp","BBHE-AD_SCH-page-001.webp","BBHE-AD-SCH-PAGE-001.webp"
"wp_schematics","Asgard\Schematics\Handles\BBHE-AD\images\BBHE-AD_SCH-page-002.webp","BBHE-AD_SCH-page-002.webp","BBHE-AD-SCH-PAGE-002.webp"
"wp_schematics","Asgard\Schematics\Handles\FBHE-AD\images\FBHE-AD_SCH-page-001.webp","FBHE-AD_SCH-page-001.webp","FBHE-AD-SCH-PAGE-001.webp"
"wp_schematics","Asgard\Schematics\Handles\FBHE-AD\images\FBHE-AD_SCH-page-002.webp","FBHE-AD_SCH-page-002.webp","FBHE-AD-SCH-PAGE-002.webp"
"wp_schematics","Asgard\Schematics\Handles\FH-AD\images\FH-AD_SCH-page-001.webp","FH-AD_SCH-page-001.webp","FH-AD-SCH-PAGE-001.webp"
"wp_schematics","Asgard\Schematics\Handles\XH-AD\images\XH-AD_SCH-page-001.webp","XH-AD_SCH-page-001.webp","XH-AD-SCH-PAGE-001.webp"
"wp_schematics","Asgard\Schematics\Other\GN01-AD\images\GN01-AD_SCH-page-001.webp","GN01-AD_SCH-page-001.webp","GN01-AD-SCH-PAGE-001.webp"
"wp_schematics","Asgard\Schematics\Pumps\LP01-AD\images\LP01-AD_SCH-page-001.webp","LP01-AD_SCH-page-001.webp","LP01-AD-SCH-PAGE-001.webp"
"wp_schematics","Asgard\Schematics\Rollers\CR01-AD\images\CR01-AD_SCH-page-001.webp","CR01-AD_SCH-page-001.webp","CR01-AD-SCH-PAGE-001.webp"
"wp_schematics","Asgard\Schematics\Spotters\NS03-AD\images\NS03-AD_SCH-page-001.webp","NS03-AD_SCH-page-001.webp","NS03-AD-SCH-PAGE-001.webp"
"wp_schematics","Asgard\Schematics\Tapers\AT01-AD\images\AT01-AD_SCH-page-001.webp","AT01-AD_SCH-page-001.webp","AT01-AD-SCH-PAGE-001.webp"
"wp_schematics","Asgard\Schematics\Tapers\AT01-AD\images\AT01-AD_SCH-page-002.webp","AT01-AD_SCH-page-002.webp","AT01-AD-SCH-PAGE-002.webp"
"wp_schematics","Asgard\Schematics\Tapers\AT01-AD\images\AT01-AD_SCH-page-003.webp","AT01-AD_SCH-page-003.webp","AT01-AD-SCH-PAGE-003.webp"
"wp_schematics","Asgard\Schematics\Tapers\AT01-AD\images\AT01-AD_SCH-page-004.webp","AT01-AD_SCH-page-004.webp","AT01-AD-SCH-PAGE-004.webp"
"wp_schematics","Asgard\Schematics\Tapers\AT01-AD\images\AT01-AD_SCH-page-005.webp","AT01-AD_SCH-page-005.webp","AT01-AD-SCH-PAGE-005.webp"
"wp_schematics","Asgard\Schematics\Tapers\AT01-AD\images\AT01-AD_SCH-page-006.webp","AT01-AD_SCH-page-006.webp","AT01-AD-SCH-PAGE-006.webp"
"wp_schematics","Asgard\Schematics\Tapers\AT01-AD\images\AT01-AD_SCH-page-007.webp","AT01-AD_SCH-page-007.webp","AT01-AD-SCH-PAGE-007.webp"
"wp_schematics","Asgard\Schematics\Tapers\AT01-AD\images\AT01-AD_SCH-page-008.webp","AT01-AD_SCH-page-008.webp","AT01-AD-SCH-PAGE-008.webp"
"wp_schematics","Asgard\Schematics\Tapers\AT01-AD\images\AT01-AD_SCH-page-009.webp","AT01-AD_SCH-page-009.webp","AT01-AD-SCH-PAGE-009.webp"
"wp_schematics","Asgard\Schematics\Tapers\AT01-AD\images\AT01-AD_SCH-page-010.webp","AT01-AD_SCH-page-010.webp","AT01-AD-SCH-PAGE-010.webp"
"wp_schematics","Asgard\Schematics\Tapers\AT01-AD\images\AT01-AD_SCH-page-011.webp","AT01-AD_SCH-page-011.webp","AT01-AD-SCH-PAGE-011.webp"
"wp_schematics","Asgard\Schematics\Tapers\AT01-AD\images\AT01-AD_SCH-page-012.webp","AT01-AD_SCH-page-012.webp","AT01-AD-SCH-PAGE-012.webp"
"wp_schematics_unified","AH25-AD_SCH-page-001.webp","AH25-AD_SCH-page-001.webp","AH25-AD-SCH-PAGE-001.webp"
"wp_schematics_unified","AH30-AD_SCH-page-001.webp","AH30-AD_SCH-page-001.webp","AH30-AD-SCH-PAGE-001.webp"
"wp_schematics_unified","AH35-AD_SCH-page-001.webp","AH35-AD_SCH-page-001.webp","AH35-AD-SCH-PAGE-001.webp"
"wp_schematics_unified","AT01-AD_SCH-page-001.webp","AT01-AD_SCH-page-001.webp","AT01-AD-SCH-PAGE-001.webp"
"wp_schematics_unified","AT01-AD_SCH-page-002.webp","AT01-AD_SCH-page-002.webp","AT01-AD-SCH-PAGE-002.webp"
"wp_schematics_unified","AT01-AD_SCH-page-003.webp","AT01-AD_SCH-page-003.webp","AT01-AD-SCH-PAGE-003.webp"
"wp_schematics_unified","AT01-AD_SCH-page-004.webp","AT01-AD_SCH-page-004.webp","AT01-AD-SCH-PAGE-004.webp"
"wp_schematics_unified","AT01-AD_SCH-page-005.webp","AT01-AD_SCH-page-005.webp","AT01-AD-SCH-PAGE-005.webp"
"wp_schematics_unified","AT01-AD_SCH-page-006.webp","AT01-AD_SCH-page-006.webp","AT01-AD-SCH-PAGE-006.webp"
"wp_schematics_unified","AT01-AD_SCH-page-007.webp","AT01-AD_SCH-page-007.webp","AT01-AD-SCH-PAGE-007.webp"
"wp_schematics_unified","AT01-AD_SCH-page-008.webp","AT01-AD_SCH-page-008.webp","AT01-AD-SCH-PAGE-008.webp"
"wp_schematics_unified","AT01-AD_SCH-page-009.webp","AT01-AD_SCH-page-009.webp","AT01-AD-SCH-PAGE-009.webp"
"wp_schematics_unified","AT01-AD_SCH-page-010.webp","AT01-AD_SCH-page-010.webp","AT01-AD-SCH-PAGE-010.webp"
"wp_schematics_unified","AT01-AD_SCH-page-011.webp","AT01-AD_SCH-page-011.webp","AT01-AD-SCH-PAGE-011.webp"
"wp_schematics_unified","AT01-AD_SCH-page-012.webp","AT01-AD_SCH-page-012.webp","AT01-AD-SCH-PAGE-012.webp"
"wp_schematics_unified","BBH-AD_SCH-page-001.webp","BBH-AD_SCH-page-001.webp","BBH-AD-SCH-PAGE-001.webp"
"wp_schematics_unified","BBHE-AD_SCH-page-001.webp","BBHE-AD_SCH-page-001.webp","BBHE-AD-SCH-PAGE-001.webp"
"wp_schematics_unified","BBHE-AD_SCH-page-002.webp","BBHE-AD_SCH-page-002.webp","BBHE-AD-SCH-PAGE-002.webp"
"wp_schematics_unified","CA08-AD_SCH-page-001.webp","CA08-AD_SCH-page-001.webp","CA08-AD-SCH-PAGE-001.webp"
"wp_schematics_unified","CFA-AD_SCH-page-001.webp","CFA-AD_SCH-page-001.webp","CFA-AD-SCH-PAGE-001.webp"
"wp_schematics_unified","CR01-AD_SCH-page-001.webp","CR01-AD_SCH-page-001.webp","CR01-AD-SCH-PAGE-001.webp"
"wp_schematics_unified","EHC07-AD_SCH-page-001.webp","EHC07-AD_SCH-page-001.webp","EHC07-AD-SCH-PAGE-001.webp"
"wp_schematics_unified","EHC10-AD_SCH-page-001.webp","EHC10-AD_SCH-page-001.webp","EHC10-AD-SCH-PAGE-001.webp"
"wp_schematics_unified","EHC12-AD_SCH-page-001.webp","EHC12-AD_SCH-page-001.webp","EHC12-AD-SCH-PAGE-001.webp"
"wp_schematics_unified","EZ07-AD_SCH-page-001.webp","EZ07-AD_SCH-page-001.webp","EZ07-AD-SCH-PAGE-001.webp"
"wp_schematics_unified","EZ10-AD_SCH-page-001.webp","EZ10-AD_SCH-page-001.webp","EZ10-AD-SCH-PAGE-001.webp"
"wp_schematics_unified","EZ12-AD_SCH-page-001.webp","EZ12-AD_SCH-page-001.webp","EZ12-AD-SCH-PAGE-001.webp"
"wp_schematics_unified","FA01-AD_SCH-page-001.webp","FA01-AD_SCH-page-001.webp","FA01-AD-SCH-PAGE-001.webp"
"wp_schematics_unified","FBHE-AD_SCH-page-001.webp","FBHE-AD_SCH-page-001.webp","FBHE-AD-SCH-PAGE-001.webp"
"wp_schematics_unified","FBHE-AD_SCH-page-002.webp","FBHE-AD_SCH-page-002.webp","FBHE-AD-SCH-PAGE-002.webp"
"wp_schematics_unified","FH-AD_SCH-page-001.webp","FH-AD_SCH-page-001.webp","FH-AD-SCH-PAGE-001.webp"
"wp_schematics_unified","GN01-AD_SCH-page-001.webp","GN01-AD_SCH-page-001.webp","GN01-AD-SCH-PAGE-001.webp"
"wp_schematics_unified","LP01-AD_SCH-page-001.webp","LP01-AD_SCH-page-001.webp","LP01-AD-SCH-PAGE-001.webp"
"wp_schematics_unified","NS03-AD_SCH-page-001.webp","NS03-AD_SCH-page-001.webp","NS03-AD-SCH-PAGE-001.webp"
"wp_schematics_unified","PA07-AD_SCH-page-001.webp","PA07-AD_SCH-page-001.webp","PA07-AD-SCH-PAGE-001.webp"
"wp_schematics_unified","PA10-AD_SCH-page-001.webp","PA10-AD_SCH-page-001.webp","PA10-AD-SCH-PAGE-001.webp"
"wp_schematics_unified","PA12-AD_SCH-page-001.webp","PA12-AD_SCH-page-001.webp","PA12-AD-SCH-PAGE-001.webp"
"wp_schematics_unified","XH-AD_SCH-page-001.webp","XH-AD_SCH-page-001.webp","XH-AD-SCH-PAGE-001.webp"
