sku,type,image_count,filenames
ASGARD-AB8,variable,0,
4I-SJ80-1WRW,variation,0,
4K-S6F6-8HQ6,variation,0,
9R-PIR7-OTNL,simple,0,
AGFLATEXT,simple,0,
AH-AD,variable,0,
AH25-AD,variation,0,
AH30-AD,variation,0,
AH35-AD,variation,0,
BBH-AD,simple,0,
CA08-AD,simple,0,
CFA-AD,simple,0,
CR01-AD,simple,0,
EHC10-AD,simple,0,
EZFB-AD,variable,0,
EZ07-AD,variation,0,
EZ10-AD,variation,0,
EZ12-AD,variation,0,
FA01-AD,simple,0,
FBHE-AD,simple,0,
FH-AD,simple,0,
GN01-AD,simple,0,
HU-OI6G-88Y4,simple,0,
LP01-AD,simple,0,
ASGARD-NS,variable,0,
NS02-AD,variation,0,
NS03-AD,variation,0,
PAFB-AD,variable,0,
PA07-AD,variation,0,
PA10-AD,variation,0,
PA12-AD,variation,0,
TF-DVKN-31Q3,simple,0,
XH-AD,simple,0,
3WTDF,simple,0,
3WTSF,simple,0,
AH4,simple,0,
AH6A,simple,0,
AH8,simple,0,
AH9,simple,0,
AHA,simple,0,
ANGLEHEADMAINTENANCEKITS,simple,0,
AUTOMATICFLATBOXES,simple,0,
AUTOMATICTAPERMAINTENANCEKITS,simple,0,
BF,simple,0,
BH06,simple,0,
BH07,simple,0,
BH1,simple,0,
BH2,simple,0,
BH4,simple,0,
BH5,simple,0,
C1H,simple,0,
C1HEXT,simple,0,
C1HS,simple,0,
CBNCR,simple,0,
CC,simple,0,
CEXT90,simple,0,
CF1B,simple,0,
CF4L,simple,0,
CFB15,simple,0,
CFB16,simple,0,
CFB1A,simple,0,
CFB28,simple,0,
CFB47,simple,0,
CFB48,simple,0,
CFB6,simple,0,
CFB77,simple,0,
CFB78,simple,0,
CFB8,simple,0,
CFB8A,simple,0,
CFLT,simple,0,
CHXL,simple,0,
CLOSETMONSTERFLATBOXHANDLE,simple,0,
CLT,simple,0,
CLTBF,simple,0,
CLTHA,simple,0,
CMH,simple,0,
CMT,simple,0,
COBCR,simple,0,
COBCRE,simple,0,
COBCRW,simple,0,
COL-AH,variable,0,
25AH,variation,0,
2AH,variation,0,
35AH,variation,0,
3AH,variation,0,
COL-AHBLADE,variable,0,
AH32,variation,0,
AH325,variation,0,
AH33,variation,0,
AH335,variation,0,
COL-AHRBK,variable,0,
AHRBK2,variation,0,
AHRBK25,variation,0,
AHRBK3,variation,0,
AHRBK35,variation,0,
COL-AHSPRING,variable,0,
AH72,variation,0,
AH725,variation,0,
AH73,variation,0,
AH735,variation,0,
COL-BBH,variable,0,
3BBH,variation,0,
42BBH,variation,0,
4BBH,variation,0,
5BBH,variation,0,
6BBH,variation,0,
COL-BH,variable,0,
3BH,variation,0,
42BH,variation,0,
4BH,variation,0,
5BH,variation,0,
6BH,variation,0,
COL-CFB,variable,0,
7CFB,variation,0,
8CFB,variation,0,
COL-CLT,variable,0,
CLT24,variation,0,
CLT32,variation,0,
CLT42,variation,0,
CLT55,variation,0,
COL-CMPX6,variable,0,
C12MPX6,variation,0,
C14MPX6,variation,0,
C16MPX6,variation,0,
COL-CMT,variable,0,
CMT24,variation,0,
CMT32,variation,0,
CMT42,variation,0,
CMT55,variation,0,
COL-CSF,variable,0,
25CSF,variation,0,
35CSF,variation,0,
3CSF,variation,0,
COL-CTK,variable,0,
CTK10,variation,0,
CTK12,variation,0,
CTK14,variation,0,
CTK8,variation,0,
COL-DF,variable,0,
25DF,variation,0,
35DF,variation,0,
3DF,variation,0,
COL-FBB,variable,0,
10FBB,variation,0,
12FBB,variation,0,
55FBB,variation,0,
8FBB,variation,0,
COL-FBBA,variable,0,
10FBBA,variation,0,
12FBBA,variation,0,
8FBBA,variation,0,
COL-FFB,variable,0,
10FFB,variation,0,
12FFB,variation,0,
14FFB,variation,0,
55FFB,variation,0,
7FFB,variation,0,
8FFB,variation,0,
COL-FFBA,variable,0,
10FFBA,variation,0,
12FFBA,variation,0,
14FFBA,variation,0,
8FFBA,variation,0,
COL-GN,variable,0,
GN,variation,0,
TBGN,variation,0,
COL-ITFB,variable,0,
10ITFB,variation,0,
12ITFB,variation,0,
8ITFB,variation,0,
COL-NS,variable,0,
2NS,variation,0,
3NS,variation,0,
COL-SB2,variable,0,
SB212,variation,0,
SB214,variation,0,
SB218,variation,0,
SB224,variation,0,
SB232,variation,0,
SB27,variation,0,
COL-SF,variable,0,
25SF,variation,0,
35SF,variation,0,
3SF,variation,0,
COL-SSB,variable,0,
SSB10,variation,0,
SSB12,variation,0,
SSB14,variation,0,
SSB16,variation,0,
SSB18,variation,0,
SSB24,variation,0,
SSB40,variation,0,
SSB48,variation,0,
SSB7,variation,0,
SSB32,variation,0,
COL-TSB,variable,0,
TSB10,variation,0,
TSB12,variation,0,
TSB14,variation,0,
TSB18,variation,0,
TSB24,variation,0,
TSB32,variation,0,
TSB40,variation,0,
TSB48,variation,0,
TSB7,variation,0,
COLUMBIAMUDPANS3,simple,0,
COMBOFLUSHER,simple,0,
CORNERROLLERMAINTENANCEKITS,simple,0,
CPFGN,simple,0,
CPFP,simple,0,
CR,simple,0,
CR12,simple,0,
CR6,simple,0,
CRA2,simple,0,
CS,simple,0,
CSH,simple,0,
CT1,simple,0,
CT10,simple,0,
CT103,simple,0,
CT105,simple,0,
CT106,simple,0,
CT107,simple,0,
CT109,simple,0,
CT10A,simple,0,
CT11,simple,0,
CT111,simple,0,
CT112,simple,0,
CT113,simple,0,
CT115,simple,0,
CT115A,simple,0,
CT116A,simple,0,
CT118A,simple,0,
CT119,simple,0,
CT12,simple,0,
CT120,simple,0,
CT122A,simple,0,
CT123,simple,0,
CT125,simple,0,
CT125A,simple,0,
CT127,simple,0,
CT128A,simple,0,
CT129B,simple,0,
CT130,simple,0,
CT14A,simple,0,
CT17,simple,0,
CT19,simple,0,
CT2,simple,0,
CT20,simple,0,
CT22,simple,0,
CT23,simple,0,
CT25,simple,0,
CT26,simple,0,
CT27,simple,0,
CT28,simple,0,
CT29,simple,0,
CT29A,simple,0,
CT31,simple,0,
CT34R,simple,0,
CT35,simple,0,
CT36,simple,0,
CT37,simple,0,
CT38,simple,0,
CT39,simple,0,
CT41,simple,0,
CT43,simple,0,
CT45,simple,0,
CT47,simple,0,
CT48,simple,0,
CT49,simple,0,
CT5,simple,0,
CT50,simple,0,
CT51,simple,0,
CT53,simple,0,
CT57,simple,0,
CT58,simple,0,
CT6,simple,0,
CT64,simple,0,
CT65,simple,0,
CT67,simple,0,
CT68,simple,0,
CT6A,simple,0,
CT7,simple,0,
CT71,simple,0,
CT73,simple,0,
CT77,simple,0,
CT78,simple,0,
CT79,simple,0,
CT7A,simple,0,
CT8,simple,0,
CT81,simple,0,
CT85,simple,0,
CT86,simple,0,
CT87A,simple,0,
CT87CS,simple,0,
CT88,simple,0,
CT89,simple,0,
CT92,simple,0,
CT92A,simple,0,
CT93,simple,0,
CT94,simple,0,
CT95,simple,0,
CT96,simple,0,
CT97,simple,0,
CT98,simple,0,
CTA107,simple,0,
CTA13,simple,0,
CTA41,simple,0,
CTA59,simple,0,
CTA84,simple,0,
CTA87CL,simple,0,
CTA99,simple,0,
CTR1,simple,0,
CTR42A,simple,0,
CTR72,simple,0,
DIRECTCORNERFLUSHER,simple,0,
FA201,simple,0,
FA208,simple,0,
FA215,simple,0,
FA220,simple,0,
FA222,simple,0,
FA224,simple,0,
FA225,simple,0,
FA231,simple,0,
FA232,simple,0,
FA234,simple,0,
FA245,simple,0,
FA247,simple,0,
FA252,simple,0,
FA253,simple,0,
FA256,simple,0,
FA261,simple,0,
FA262,simple,0,
FA266,simple,0,
FA267,simple,0,
FA268,simple,0,
FA270,simple,0,
FA273,simple,0,
FA274,simple,0,
FA275,simple,0,
FA276,simple,0,
FA278,simple,0,
FA279,simple,0,
FA280,simple,0,
FA281,simple,0,
FA285,simple,0,
FA289,simple,0,
FA290,simple,0,
FA292,simple,0,
FA294,simple,0,
FA295,simple,0,
FA296,simple,0,
FA298,simple,0,
FA300,simple,0,
FA302,simple,0,
FA305,simple,0,
FA306,simple,0,
FA308,simple,0,
FA312,simple,0,
FA314,simple,0,
FA379,simple,0,
FA380,simple,0,
FATBOYBOXES,simple,0,
FATBOYSMOOTHINGBLADES,simple,0,
FFB17,simple,0,
FFB43,simple,0,
FINISHINGBOXMAINTENANCEKITS,simple,0,
FINISHINGHAWKS,simple,0,
FLATBOXES,simple,0,
FLATBOXHANDLE,simple,0,
FMH,simple,0,
HANDLEMAINTENANCEKITS,simple,0,
HMP,simple,0,
IA90,simple,0,
ICA,simple,0,
ICA21,simple,0,
ICA41,simple,0,
ICATW,simple,0,
ITC-K,simple,0,
MH17,simple,0,
MH21,simple,0,
MH24,simple,0,
MH25,simple,0,
MH9,simple,0,
COL-MH,variable,0,
MH,variation,0,
MHL,variation,0,
MHS,variation,0,
MPR1,simple,0,
MUDPANS,simple,0,
MUDPUMPMAINTENANCEKIT,simple,0,
NAILSPOTTERMAINTENANCEKITS,simple,0,
OA90,simple,0,
ONEPIECEPUTTYKNIVESCOPY,simple,0,
OUTSIDE90GROOVEDMUDHEADS,simple,0,
PC1H,simple,0,
PC1HEXT,simple,0,
PCHXL,simple,0,
PCLT42,simple,0,
PCMT42,simple,0,
PDDM,simple,0,
PHA,simple,0,
PHMP,simple,0,
PMH,simple,0,
PMHL,simple,0,
PMHS,simple,0,
PTAPER,simple,0,
PTS,simple,0,
PUTTYKNIVES,simple,0,
RC,simple,0,
SACS,simple,0,
SAT,simple,0,
SBC,simple,0,
SBP,simple,0,
SBSET,simple,0,
SPTAPER,simple,0,
SSB-SIZE,simple,0,
STANDARDCORNERFLUSHER,simple,0,
STAPER,simple,0,
TAPER,simple,18,tapetech-easyclean-automatic-taper-07TT-01.webp|tapetech-easyclean-automatic-mini-taper-03TT-02.webp|tapetech-easyclean-automatic-taper-07TT-02.webp|tapetech-easyclean-automatic-mini-taper-03TT-03.webp|tapetech-easyclean-automatic-taper-07TT-03.webp|tapetech-easyclean-automatic-mini-taper-03TT-04.webp|tapetech-easyclean-automatic-taper-07TT-04.webp|tapetech-easyclean-automatic-mini-taper-03TT-05.webp|tapetech-easyclean-automatic-taper-07TT-05.webp|tapetech-easyclean-automatic-mini-taper-03TT-06.webp|tapetech-easyclean-automatic-taper-07TT-06.webp|tapetech-easyclean-automatic-mini-taper-03TT-07.webp|tapetech-easyclean-automatic-taper-07TT-07.webp|tapetech-easyclean-automatic-mini-taper-03TT-08.webp|tapetech-easyclean-automatic-taper-07TT-08.webp|tapetech-easyclean-automatic-taper-07TT-09.webp|tapetech-easyclean-automatic-taper-07TT-10.webp|tapetech-easyclean-automatic-taper-07TT-11.webp
TBBF,simple,0,
TBMP,simple,0,
TBPTAPER,simple,0,
TCS,simple,0,
THREEWAYKNIVESCOPY,simple,0,
TL38,simple,0,
TS,simple,0,
TSB-SIZE,simple,0,
TWS,simple,0,
PT-SSCF,variable,0,
PT-2.5CF,variation,0,
PT-3.0CF,variation,0,
PT-3.5CF,variation,0,
PT-AICA,simple,0,
PT-BF,simple,0,
PT-BH,variable,0,
PT-BH34,variation,0,
PT-BH42,variation,0,
PT-BH54,variation,0,
PT-CA8,simple,0,
PT-CAH50,simple,0,
PT-CF,variable,0,
PT-3CF,variation,0,
PT-CF2.5,variation,0,
PT-CF3.5,variation,0,
PT-CFH50,simple,0,
PT-CP,simple,0,
PT-CR,simple,0,
PT-CRE,simple,0,
PT-CRH50,simple,0,
PT-CT,variable,0,
PT-CT24,variation,0,
PT-CT36,variation,0,
PT-CT42,variation,0,
PT-EBH,simple,0,
PT-EXT3IN1-1,simple,0,
PT-FA,simple,0,
PT-FB,variable,0,
PT-10FB,variation,0,
PT-14FB,variation,0,
PT-8FB,variation,0,
PT-FB12,variation,0,
PT-FIN,simple,0,
PT-ICA,simple,0,
PT-MNBH,simple,0,
PT-NS,variable,0,
PT-2NS,variation,0,
PT-3NS,variation,0,
PT-OCA,simple,0,
PT-OCR,simple,0,
PT-TP,simple,0,
SURS2M2030,simple,0,
SURSS1001,simple,0,
SURSS1002B,simple,0,
SURSS1003,simple,0,
SURSS1004O,simple,0,
SURSS1005FB,simple,0,
SURSS1005P,simple,0,
SURSS1006,simple,0,
SURSS1007,simple,0,
SURSS1008,simple,0,
SURSS1009,simple,0,
SURSS1010L,simple,0,
SURSS1010R,simple,0,
SURSS1011B,simple,0,
SURSS1012,simple,0,
SURSS124,simple,0,
SURSS132,simple,0,
SURSS134,simple,0,
SURSS2007,simple,0,
050004,simple,0,
050017,simple,0,
050019,simple,0,
050023F,simple,0,
050027,simple,0,
050030,simple,0,
050031,simple,0,
050034F,simple,0,
050043F,simple,0,
050050F,simple,0,
050063,simple,0,
050064F,simple,0,
050070F,simple,0,
050072F,simple,0,
050073,simple,0,
050079,simple,0,
050083F,simple,0,
050086F,simple,0,
050094F,simple,0,
050099F,simple,0,
050109F,simple,0,
050113F,simple,0,
050123,simple,0,
050128F,simple,0,
050137F,simple,0,
050140F,simple,0,
050141,simple,0,
050144F,simple,0,
050145,simple,0,
050150F,simple,0,
050154,simple,0,
050163,simple,0,
050200,simple,0,
050204,simple,0,
050205,simple,0,
050212F,simple,0,
050244,simple,0,
050249,simple,0,
050402B,simple,0,
050405B,simple,0,
050410B,simple,0,
050412,simple,0,
050413,simple,0,
050500,simple,0,
050577,simple,0,
051001,simple,0,
051089,simple,0,
051105,simple,0,
051135,simple,0,
052011,simple,0,
052036,simple,0,
052051,simple,0,
052052,simple,0,
052055,simple,0,
052080,simple,0,
052121F,simple,0,
052150,simple,0,
052152,simple,0,
052226,simple,0,
052229,simple,0,
052400B,simple,0,
052403,simple,0,
052404B,simple,0,
052415A,simple,0,
052576,simple,0,
054028,simple,0,
054032F,simple,0,
054048F,simple,0,
054059F,simple,0,
054075,simple,0,
054095F,simple,0,
054096F,simple,0,
054101,simple,0,
054104,simple,0,
054114F,simple,0,
054116F,simple,0,
054209F-6,simple,0,
054219,simple,0,
054245F,simple,0,
056022,simple,0,
056100F,simple,0,
056142,simple,0,
056248G,simple,0,
056707,simple,0,
058126F,simple,0,
059005,simple,0,
059013,simple,0,
059014,simple,0,
059021,simple,0,
059024,simple,0,
059029,simple,0,
059044,simple,0,
059047,simple,0,
059060,simple,0,
059061F,simple,0,
059067,simple,0,
059074,simple,0,
059085,simple,0,
059091,simple,0,
059092,simple,0,
059098,simple,0,
059106,simple,0,
059107,simple,0,
059119,simple,0,
059120,simple,0,
059129,simple,0,
059161,simple,0,
059164,simple,0,
059206,simple,0,
059217,simple,0,
059225,simple,0,
059230,simple,0,
059238,simple,0,
059264,simple,0,
059323,simple,0,
059331,simple,0,
059332,simple,0,
059426,simple,0,
TT-AT-EC,variable,6,tapetech-easyclean-carbon-fiber-automatic-taper-07TT-C-02.webp|tapetech-easyclean-carbon-fiber-automatic-taper-07TT-C-03.webp|tapetech-easyclean-carbon-fiber-automatic-taper-07TT-C-04.webp|tapetech-easyclean-carbon-fiber-automatic-taper-07TT-C-05.webp|tapetech-easyclean-carbon-fiber-automatic-taper-07TT-C-06.webp|tapetech-easyclean-carbon-fiber-automatic-taper-07TT-C-07.webp
03TT,variation,0,
07TT,variation,6,tapetech-easyclean-carbon-fiber-automatic-taper-07TT-C-02.webp|tapetech-easyclean-carbon-fiber-automatic-taper-07TT-C-03.webp|tapetech-easyclean-carbon-fiber-automatic-taper-07TT-C-04.webp|tapetech-easyclean-carbon-fiber-automatic-taper-07TT-C-05.webp|tapetech-easyclean-carbon-fiber-automatic-taper-07TT-C-06.webp|tapetech-easyclean-carbon-fiber-automatic-taper-07TT-C-07.webp
07TT-C,variation,0,
101222,simple,0,
101249,simple,0,
122267,simple,0,
129061,simple,0,
130001,simple,0,
130002,simple,0,
139008,simple,0,
139010,simple,0,
140002C,simple,0,
140003,simple,0,
140004,simple,0,
140005,simple,0,
140006,simple,0,
140007,simple,0,
140008,simple,0,
140009G,simple,0,
140010,simple,0,
140012,simple,0,
140013,simple,0,
140014,simple,0,
140015,simple,0,
140017,simple,0,
140018,simple,0,
140019,simple,0,
140038,simple,0,
140039,simple,0,
142001,simple,0,
142016,simple,0,
144001,simple,0,
145011,simple,0,
149021,simple,0,
149022,simple,0,
149023,simple,0,
149025,simple,0,
149028,simple,0,
149032,simple,0,
149034,simple,0,
149035,simple,0,
150003F,simple,0,
150009,simple,0,
151005,simple,0,
152006,simple,0,
152025,simple,0,
154007,simple,0,
156001F,simple,0,
159023,simple,0,
159026,simple,0,
159027,simple,0,
15TTE,simple,0,
16C298,simple,0,
16TT,simple,0,
16TT90,simple,0,
17TT,simple,0,
17TTE,simple,0,
190002,simple,0,
190033,simple,0,
190034,simple,0,
190036,simple,0,
191001,simple,0,
191006,simple,0,
191007,simple,0,
196003,simple,0,
199010,simple,0,
200009,simple,0,
200026F,simple,0,
200052F,simple,0,
202020,simple,0,
202021,simple,0,
202028,simple,0,
202036,simple,0,
203010,simple,0,
204002,simple,0,
204005,simple,0,
206003,simple,0,
206027G,simple,0,
209006,simple,0,
209012,simple,0,
209041,simple,0,
209046,simple,0,
209047,simple,0,
209048,simple,0,
209049,simple,0,
209058,simple,0,
209755,simple,0,
210024F,simple,0,
210031G,simple,0,
210058F,simple,0,
210059,simple,0,
210060,simple,0,
210071,simple,0,
210096,simple,0,
210097,simple,0,
212081,simple,0,
212082,simple,0,
212084,simple,0,
212085,simple,0,
212086,simple,0,
212087,simple,0,
212089,simple,0,
212090,simple,0,
213083,simple,0,
219080,simple,0,
219081,simple,0,
219091,simple,0,
219095,simple,0,
240027G,simple,0,
240793,simple,0,
24D166,simple,0,
250009,simple,0,
250026F,simple,0,
251023G,simple,0,
251025G,simple,0,
251032G,simple,0,
254002,simple,0,
254005,simple,0,
256027G,simple,0,
257133,simple,0,
260024F,simple,0,
260027G,simple,0,
260031G,simple,0,
260071,simple,0,
260096,simple,0,
260097,simple,0,
280027G,simple,0,
300009,simple,0,
300026F,simple,0,
301032G,simple,0,
303010,simple,0,
304002,simple,0,
304005,simple,0,
305045G,simple,0,
306027G,simple,0,
310024F,simple,0,
310027G,simple,0,
310071,simple,0,
310096,simple,0,
310097,simple,0,
330027G,simple,0,
330031G,simple,0,
335,simple,0,
340026,simple,0,
345045G,simple,0,
350008,simple,0,
350033F,simple,0,
350034,simple,0,
352002F,simple,0,
356001G,simple,0,
359005,simple,0,
359046,simple,0,
400005,simple,0,
400009F,simple,0,
402002F,simple,0,
402006,simple,0,
402012,simple,0,
402017F,simple,0,
402019,simple,0,
402033,simple,0,
409010,simple,0,
409021,simple,0,
TT-EZCF,variable,0,
40XTT,variation,0,
42TT,variation,0,
48TT,variation,0,
48XTT,variation,0,
420009,simple,0,
420015,simple,0,
420016,simple,0,
426001,simple,0,
450005,simple,0,
450009F,simple,0,
450021,simple,0,
480002F,simple,0,
480005,simple,0,
480007F,simple,0,
480008F,simple,0,
480015F,simple,0,
480016F,simple,0,
480021,simple,0,
480026,simple,0,
480027,simple,0,
480209,simple,0,
480215,simple,0,
480216,simple,0,
480221,simple,0,
480230,simple,0,
486001F,simple,0,
486201,simple,0,
489020,simple,0,
489022,simple,0,
489029,simple,0,
499023,simple,0,
499025,simple,0,
500018,simple,0,
500028,simple,0,
501A,simple,0,
501ACF,simple,0,
501C10,simple,0,
501C12,simple,0,
501C15,simple,0,
501C7,simple,0,
501F25A,simple,0,
501F2A,simple,0,
501F3A,simple,0,
501F4A,simple,0,
501F4AX,simple,0,
501H,simple,0,
501J,simple,0,
501RSE,simple,0,
502005F,simple,0,
502006,simple,0,
502007,simple,0,
502A,simple,0,
502CN,simple,0,
502F2,simple,0,
502F25,simple,0,
502F3,simple,0,
502F4,simple,0,
502F4X,simple,0,
502H,simple,0,
506001G,simple,0,
506009,simple,0,
509008,simple,0,
509010,simple,0,
559017,simple,0,
57355,simple,0,
57356,simple,0,
600005F,simple,0,
600007,simple,0,
600022,simple,0,
602029F,simple,0,
602035,simple,0,
602045F,simple,0,
604036,simple,0,
609015,simple,0,
609020,simple,0,
609021,simple,0,
609049,simple,0,
609050,simple,0,
630002,simple,0,
630009,simple,0,
630010,simple,0,
630017,simple,0,
630030,simple,0,
631015,simple,0,
632026,simple,0,
634028,simple,0,
638001,simple,0,
639020,simple,0,
650005F,simple,0,
650007,simple,0,
650022,simple,0,
650040,simple,0,
654036,simple,0,
680002,simple,0,
680009,simple,0,
680010,simple,0,
680030,simple,0,
681015,simple,0,
684028,simple,0,
688001,simple,0,
700002F,simple,0,
700004F,simple,0,
700010F,simple,0,
700015F,simple,0,
700032F,simple,0,
700036,simple,0,
700037,simple,0,
700042,simple,0,
702031F,simple,0,
704040,simple,0,
709006,simple,0,
709023,simple,0,
709024,simple,0,
709027,simple,0,
709043,simple,0,
709052,simple,0,
709056,simple,0,
722003G,simple,0,
722039,simple,0,
722070,simple,0,
724001,simple,0,
724061F,simple,0,
726018,simple,0,
729009,simple,0,
729064,simple,0,
729071,simple,0,
762011,simple,0,
76TT,simple,0,
76TT-CA,simple,0,
76XLTT,simple,0,
800008,simple,0,
800018F,simple,0,
800021F,simple,0,
800027,simple,0,
801009,simple,0,
802016,simple,0,
804003F,simple,0,
808015F,simple,0,
809006,simple,0,
809011,simple,0,
809025,simple,0,
810027,simple,0,
810028,simple,0,
810029,simple,0,
811018,simple,0,
814234,simple,0,
814242,simple,0,
814254,simple,0,
814272,simple,0,
818134G,simple,0,
818142G,simple,0,
818154G,simple,0,
818172G,simple,0,
819038,simple,0,
857355,simple,0,
85T,simple,0,
85XLTT,simple,0,
861014,simple,0,
880004,simple,0,
880006F,simple,0,
880028,simple,0,
880038,simple,0,
880042,simple,0,
880053,simple,0,
881005,simple,0,
882001G,simple,0,
882002,simple,0,
882013,simple,0,
882016,simple,0,
882039,simple,0,
883020,simple,0,
889009,simple,0,
889016,simple,0,
889017,simple,0,
889027,simple,0,
889030,simple,0,
889035,simple,0,
889055,simple,0,
889062,simple,0,
889717,simple,0,
90T,simple,0,
ATX01TT,simple,0,
BAN001-TT,simple,0,
BH,simple,0,
BHE,simple,8,tapetech-sidewindertm-extendable-brakeless-box-handle-BHE-SW-01.webp|tapetech-sidewindertm-extendable-brakeless-box-handle-BHE-SW-02.webp|tapetech-sidewindertm-extendable-brakeless-box-handle-BHE-SW-03.webp|tapetech-sidewindertm-extendable-brakeless-box-handle-BHE-SW-04.webp|tapetech-sidewindertm-extendable-brakeless-box-handle-BHE-SW-05.webp|tapetech-sidewindertm-extendable-brakeless-box-handle-BHE-SW-06.webp|tapetech-sidewindertm-extendable-brakeless-box-handle-BHE-SW-07.webp|tapetech-sidewindertm-extendable-brakeless-box-handle-BHE-SW-08.webp
BHE-SW,simple,0,
CA-TT,variable,0,
CA-TT-7,variation,0,
CA-TT-8,variation,0,
CAVH-TT,variable,0,
CAVH-TT-55mm,variation,0,
CAVH-TT-75mm,variation,0,
CAVH-TT-83mm,variation,0,
CAVH-TT-90mm,variation,0,
TT-CRF,variable,0,
CCAGE04,variation,0,
CCAGE09,variation,0,
CCAGE12,variation,0,
CFA-TT,simple,0,
CFBOX-TT,variable,0,
CFBOX-TT-7,variation,0,
CFBOX-TT-10,variation,0,
CFBOX-TT-12,variation,0,
CFH40TT,simple,0,
CFH66TT,simple,0,
CFK01TT,simple,0,
CFK02TT,simple,0,
CFSTCC,simple,0,
CK06CSTT,simple,0,
CN-TT,simple,0,
CNA-TT,simple,0,
CROLL-TT,variable,0,
CROLL-TT-4,variation,0,
CROLL-TT-9,variation,0,
CROLL-TT-12,variation,0,
CROLL02,simple,0,
CROLLHAN2,simple,0,
CT-TT,variable,0,
CT-TT-24,variation,0,
CT-TT-36,variation,0,
CT-TT-42,variation,0,
CTBXC,simple,0,
CTFILL,simple,0,
CTPMP,simple,0,
CTVLV,simple,0,
TT-ECE135,variable,0,
EEX125135,variation,0,
EEX200135,variation,0,
EEX275135,variation,0,
TT-ECE90,variable,0,
EEX10090,variation,0,
EEX15090,variation,0,
EEX20090,variation,0,
EEX5090,variation,0,
EEX7590,variation,0,
EEXSET3135,simple,0,
EEXSET590,simple,0,
EFBH-TT,variable,0,
EFBH-TT-34,variation,0,
EFBH-TT-42,variation,0,
EFBH-TT-54,variation,0,
EFBH-TT-72,variation,0,
EIFSAND-FLEXDRIVE,simple,0,
EIN10090,simple,0,
EIN15090,simple,0,
EIN20090,simple,0,
EIN5090,simple,0,
EIN7590,simple,0,
EINSET590,simple,0,
EZCOVER07,simple,0,
EZFB-TT,variable,0,
EZFB-TT-7,variation,0,
EZFB-TT-10,variation,0,
EZFB-TT-12,variation,0,
EZROLL-KIT,simple,0,
FBH-TT,variable,0,
FBH-TT-34,variation,0,
FBH-TT-42,variation,0,
FBH-TT-54,variation,0,
FBH-TT-72,variation,0,
FHTT,simple,0,
FHTT-CC,simple,0,
GSR-TT,simple,0,
HWK001-PS,simple,0,
HWK002-BLK,simple,0,
TT-JKCS,variable,0,
JK04CSTT,variation,0,
JK05CSTT,variation,0,
JK06CSTT,variation,0,
JKSS-TT,variable,0,
JKSS-TT-1,variation,0,
JKSS-TT-2,variation,0,
JKSS-TT-3,variation,0,
JKSS-TT-4,variation,0,
JKSS-TT-5,variation,0,
JKSS-TT-6,variation,0,
MAXXBOX-TT,variable,0,
MAXXBOX-TT-7,variation,0,
MAXXBOX-TT-10,variation,0,
MAXXBOX-TT-12,variation,0,
MP14TT,simple,0,
MR01TT,simple,0,
MRCASE,simple,0,
MRX01TT,simple,0,
MWS-ACC,simple,0,
MWS-PK01,simple,0,
MWS01-LW,simple,0,
MWS01-TT,simple,0,
NS-TT,variable,0,
NS-TT-2,variation,0,
NS-TT-3,variation,0,
NSA-TT,simple,0,
NSW01,simple,0,
PFB-TT,variable,0,
PFB-TT-7,variation,0,
PFB-TT-12,variation,0,
PFB-TT-14,variation,0,
PFB-TT-18,variation,0,
PFB-TT-24,variation,0,
PFB-TT-32,variation,0,
PFB-TT-40,variation,0,
PFB-TT-48,variation,0,
PFK-TT,variable,0,
PFK-TT-7,variation,0,
PFK-TT-12,variation,0,
PFK-TT-14,variation,0,
PFK-TT-18,variation,0,
PFK-TT-24,variation,0,
PFK-TT-32,variation,0,
PFK-TT-40,variation,0,
PFK-TT-48,variation,0,
PK-AT01,simple,0,
PK-AT02,simple,0,
PK-PFK,simple,0,
PK35CSTT,simple,0,
QB-QSX,variable,0,
QB-QSX-65,variation,0,
QB-QSX-85,variation,0,
QCA-TT,simple,0,
RTTC-TT,simple,0,
T05CF,simple,0,
TC01TT,simple,0,
TG-PS-TT,variable,0,
TG110565-PS,variation,0,
TG12053-PS,variation,0,
TG12054-PS,variation,0,
TG120565-PS,variation,0,
TG14053-PS,variation,0,
TG14054-PS,variation,0,
TG140565-PS,variation,0,
TG16053-PS,variation,0,
TG16054-PS,variation,0,
TG160565-PS,variation,0,
TG18053-PS,variation,0,
TG18054-PS,variation,0,
TG180565-PS,variation,0,
TGCU-PS-TT,variable,0,
TG110565-PSCU,variation,0,
TG120565-PSCU,variation,0,
TG140565-PSCU,variation,0,
TGP-PS-TT,variable,0,
TGP120565-PS,variation,0,
TGP140565-PS,variation,0,
TGP160565-PS,variation,0,
TGP180565-PS,variation,0,
TKBS-TT,variable,0,
TKBS-TT-8,variation,0,
TKBS-TT-10,variation,0,
TKBS-TT-12,variation,0,
TKBS-TT-14,variation,0,
TKSS-TT,variable,0,
TKSS-TT-8,variation,0,
TKSS-TT-10,variation,0,
TKSS-TT-12,variation,0,
TKSS-TT-14,variation,0,
TMK01TT,simple,0,
TTBBS,simple,0,
TTBTS,simple,0,
TTCFS,simple,1,tapetech-mudrunner-corner-finishing-set-TTCFS-M-01.webp
TTPFB,simple,0,
TTPPS,simple,7,tapetech-pro-performance-easy-finish-set-TTPPS-EF-01.webp|tapetech-pro-performance-easy-finish-set-TTPPS-EF-02.webp|tapetech-pro-performance-easy-finish-set-TTPPS-EF-03.webp|tapetech-pro-performance-easy-finish-set-TTPPS-EF-04.webp|tapetech-pro-performance-easy-finish-set-TTPPS-EF-05.webp|tapetech-pro-performance-easy-finish-set-TTPPS-EF-06.webp|tapetech-pro-performance-easy-finish-set-TTPPS-EF-07.webp
TTPPS-EF,simple,0,
TTPSS,simple,0,
TTSFS,simple,4,tapetech-standard-full-set-with-2-pumps-TTSFS-2-01.webp|tapetech-standard-full-set-with-2-pumps-TTSFS-2-02.webp|tapetech-standard-full-set-with-2-pumps-TTSFS-2-03.webp|tapetech-standard-full-set-with-2-pumps-TTSFS-2-04.webp
TTSFS-2,simple,0,
VGAUGE180,simple,0,
VGAUGE200,simple,0,
VMARG05,simple,0,
VMARG06,simple,0,
VMARG08,simple,0,
VMARGSET0506,simple,0,
VROUND55,simple,0,
VTRIAN55,simple,0,
XHTT,simple,0,
CFTT,simple,0,
MP12TT,simple,0,
SSDA,simple,0,
T14CF,simple,0,
TTCFS-M,simple,0,
