"Brand","Type","SKU","Parent SKU","Name","Categories","Images"
"Asgard","simple","TTBDL9","","Asgard Classic Finishing Set","Drywall Finishing Tools > Asgard > Tool Sets & Kits",""
"Columbia","simple","AB1","","Automatic Box Handle Body (AB1)","Drywall Finishing Tools > Columbia > Parts",""
"Columbia","simple","AB3A-LEFT","","Automatic Box End Plate Left (AB3A LEFT)","Drywall Finishing Tools > Columbia > Parts",""
"Columbia","simple","AB3A-RIGHT","","Automatic Box End Plate Right (AB3A RIGHT)","Drywall Finishing Tools > Columbia > Parts",""
"Columbia","simple","AB40","","Automatic Box Air Valve Seat (AB40)","Drywall Finishing Tools > Columbia > Parts",""
"Columbia","simple","AB41","","Automatic Box Air Valve Stem (AB41)","Drywall Finishing Tools > Columbia > Parts",""
"Columbia","simple","AB42","","Automatic Box Air Valve Body (AB42)","Drywall Finishing Tools > Columbia > Parts",""
"Columbia","simple","AB43","","Automatic Box Throttle Housing (AB43)","Drywall Finishing Tools > Columbia > Parts",""
"Columbia","simple","AB44","","Automatic Box Clutch Spring (AB44)","Drywall Finishing Tools > Columbia > Parts",""
"Columbia","simple","AB44A","","Automatic Box Clutch Spring Short (AB44A)","Drywall Finishing Tools > Columbia > Parts",""
"Columbia","simple","AB44B","","Automatic Box Clutch Spring Long (AB44B)","Drywall Finishing Tools > Columbia > Parts",""
"Columbia","simple","AB45","","Automatic Box Throttle Set Screw (AB45)","Drywall Finishing Tools > Columbia > Parts",""
"Columbia","simple","AB46","","Automatic Box Throttle Pin (AB46)","Drywall Finishing Tools > Columbia > Parts",""
"Columbia","simple","AB47","","Automatic Box Thumb Valve (AB47)","Drywall Finishing Tools > Columbia > Parts",""
"Columbia","simple","AB48","","Automatic Box Air Valve O - Ring (AB48)","Drywall Finishing Tools > Columbia > Parts",""
"Columbia","simple","AB49","","Automatic Box Handle Mount (AB49)","Drywall Finishing Tools > Columbia > Parts",""
"Columbia","simple","AB50","","Automatic Box Pressure Spring (AB50)","Drywall Finishing Tools > Columbia > Parts",""
"Columbia","simple","AB51","","Automatic Box Release Clip (AB51)","Drywall Finishing Tools > Columbia > Parts",""
"Columbia","simple","AB52","","Automatic Box Thumb Valve Seat (AB52)","Drywall Finishing Tools > Columbia > Parts",""
"Columbia","simple","AB54","","Automatic Box Air Valve Assembly (AB54)","Drywall Finishing Tools > Columbia > Parts",""
"Columbia","simple","AH-11","","Return Spring Post Angle Head (AH11)","Drywall Finishing Tools > Columbia > Parts",""
"Columbia","simple","AH-15","","Handle Ball (AH15)","Drywall Finishing Tools > Columbia > Parts",""
"Columbia","simple","AH-16","","Retaining Spring Backer (AH16)","Drywall Finishing Tools > Columbia > Parts",""
"Columbia","simple","AH-2-3IN-L","","Left Frame Sub - Assembly 3 in (AHA2 - 3L)","Drywall Finishing Tools > Columbia > Parts",""
"Columbia","simple","AH-2-3IN-R","","Right Frame Sub - Assembly 3 in (AHA2 - 3R)","Drywall Finishing Tools > Columbia > Parts",""
"Columbia","simple","AH-20","","Angle Head Pivot Pin (AH20)","Drywall Finishing Tools > Columbia > Parts",""
"Columbia","simple","AH-21","","Angle Head Hinge Spacer (AH21)","Drywall Finishing Tools > Columbia > Parts",""
"Columbia","simple","AH-22","","Angle Head Frame Clamp (AH22)","Drywall Finishing Tools > Columbia > Parts",""
"Columbia","simple","AH-23","","Angle Head Frame Retaining Pin (AH23)","Drywall Finishing Tools > Columbia > Parts",""
"Columbia","simple","AH-6","","Funnel Retainer Spring (AH6)","Drywall Finishing Tools > Columbia > Parts",""
"Columbia","simple","AH1-2","","Head Casting - 2""","Drywall Finishing Tools > Columbia > Parts",""
"Columbia","simple","AH1-3-5","","Head Casting - 3.5""","Drywall Finishing Tools > Columbia > Parts",""
"Columbia","simple","AH3-3","","3"" Top Blade","Drywall Finishing Tools > Columbia > Parts",""
"Columbia","simple","AH7-2-5","","Frame Tension Spring - 2.5""","Drywall Finishing Tools > Columbia > Parts",""
"Columbia","simple","AH7-3","","Framer Tention Spring - 3""","Drywall Finishing Tools > Columbia > Parts",""
"Columbia","simple","BH-8-3","","3 ft Box Handle 8 in (BH8 - 3)","Drywall Finishing Tools > Columbia > Parts",""
"Columbia","simple","BH9-3","","Brake Connecting Strap - 3'","Drywall Finishing Tools > Columbia > Parts",""
"Columbia","simple","BH9-4","","Brake Connecting Strap - 4'","Drywall Finishing Tools > Columbia > Parts",""
"Columbia","simple","BH9-42","","Brake Connecing Strap - 42""","Drywall Finishing Tools > Columbia > Parts",""
"Columbia","simple","BH9-5","","Brake Connecting Strap - 5'","Drywall Finishing Tools > Columbia > Parts",""
"Columbia","simple","BH9-6","","Brake Connecting Strap - 6'","Drywall Finishing Tools > Columbia > Parts",""
"Columbia","simple","C148","","Predator Carbon Fiber Crimping Arm Left (C148)","Drywall Finishing Tools > Columbia > Parts",""
"Columbia","simple","C154","","Predator Carbon Fiber Cam Roller (C154)","Drywall Finishing Tools > Columbia > Parts",""
"Columbia","simple","C159","","Predator Carbon Fiber Magnet (C159)","Drywall Finishing Tools > Columbia > Parts",""
"Columbia","simple","C779-CS","","Predator Carbon Fiber Cover Plate Cork Seal (C779 - CS)","Drywall Finishing Tools > Columbia > Parts",""
"Columbia","simple","C78S","","Predator Carbon Fiber Drive Chain Short (C78S)","Drywall Finishing Tools > Columbia > Parts",""
"Columbia","simple","CA239","","Predator Taper Adjusting Screw (CA239)","Drywall Finishing Tools > Columbia > Parts",""
"Columbia","simple","CC12","","Corner Cobra Adjustable Inside & Outside Corner Roller (CC)","Drywall Finishing Tools > Columbia > Parts",""
"Columbia","simple","CC16","","Corner Cobra Adjustable Inside & Outside Corner Roller (CC)","Drywall Finishing Tools > Columbia > Parts",""
"Columbia","simple","CC17","","Corner Cobra Adjustable Inside & Outside Corner Roller (CC)","Drywall Finishing Tools > Columbia > Parts",""
"Columbia","simple","CC18","","Corner Cobra Adjustable Inside & Outside Corner Roller (CC)","Drywall Finishing Tools > Columbia > Parts",""
"Columbia","simple","CC19","","Corner Cobra Adjustable Inside & Outside Corner Roller (CC)","Drywall Finishing Tools > Columbia > Parts",""
"Columbia","simple","CC1A","","Corner Cobra Adjustable Inside & Outside Corner Roller (CC)","Drywall Finishing Tools > Columbia > Parts",""
"Columbia","simple","CC2","","Corner Cobra Adjustable Inside & Outside Corner Roller (CC)","Drywall Finishing Tools > Columbia > Parts",""
"Columbia","simple","CC3","","Corner Cobra Adjustable Inside & Outside Corner Roller (CC)","Drywall Finishing Tools > Columbia > Parts",""
"Columbia","simple","CEXT-1","","External Corner Applicator Wheel Large (CEXT1)","Drywall Finishing Tools > Columbia > Parts",""
"Columbia","simple","CEXT-2","","External Corner Applicator Wheel Small (CEXT2)","Drywall Finishing Tools > Columbia > Parts",""
"Columbia","simple","CEXT-3","","Wheel for ICATW (CEXT3)","Drywall Finishing Tools > Columbia > Parts",""
"Columbia","simple","CF-15-3-5IN","","Corner Flusher Tension Spring 15 x 3.5 in (CF15 - 3.5)","Drywall Finishing Tools > Columbia > Parts",""
"Columbia","simple","CF-1C","","Corner Flusher Direct Plate C (CF1C)","Drywall Finishing Tools > Columbia > Parts",""
"Columbia","simple","CF-38","","Corner Flusher Skid Long (CF38)","Drywall Finishing Tools > Columbia > Parts",""
"Columbia","simple","CF-4S","","Corner Flusher Ball Spring Short (CF4S)","Drywall Finishing Tools > Columbia > Parts",""
"Columbia","simple","CF-5-3-S","","Tension Spring 3.5"" - Flusher (CF5 - 3.5)","Drywall Finishing Tools > Columbia > Parts",""
"Columbia","simple","CF-6","","Combo Flusher Wheel Holder - Flusher (CF6)","Drywall Finishing Tools > Columbia > Parts",""
"Columbia","simple","CF-7","","Corner Flusher Housing Block (CF7)","Drywall Finishing Tools > Columbia > Parts",""
"Columbia","simple","CF-8","","Corner Flusher Wheel Cap (CF8)","Drywall Finishing Tools > Columbia > Parts",""
"Columbia","simple","CF-TA","","Corner Flusher Taper Adapter (CFTA)","Drywall Finishing Tools > Columbia > Parts",""
"Columbia","simple","CF-TS-3-5IN","","Tension Spring 3.5"" - Flusher (CF5 - 3.5)","Drywall Finishing Tools > Columbia > Parts",""
"Columbia","simple","CF1A","","Direct Plate - Flusher (CF1B)","Drywall Finishing Tools > Columbia > Parts",""
"Columbia","simple","CF1B","","Direct Plate - Flusher (CF1B)","Drywall Finishing Tools > Columbia > Parts",""
"Columbia","simple","CF2","","Corner Flusher Wheel Retainer (CF2)","Drywall Finishing Tools > Columbia > Parts",""
"Columbia","simple","CF3","","Skid - Flusher (CF3)","Drywall Finishing Tools > Columbia > Parts",""
"Columbia","simple","CF3A","","Screw for Corner Flusher Wheel (CF3A)","Drywall Finishing Tools > Columbia > Parts",""
"Columbia","simple","CF3B","","Wheel for Corner Flusher (CF - 3B)","Drywall Finishing Tools > Columbia > Parts",""
"Columbia","simple","CF4L","","Ball Spring Long Flusher (CF4L)","Drywall Finishing Tools > Columbia > Parts",""
"Columbia","simple","CF5-3-5IN","","Tension Spring 3.5"" - Flusher (CF5 - 3.5)","Drywall Finishing Tools > Columbia > Parts",""
"Columbia","simple","CFB1-8IN","","Rear Plate 8 in (CFB1 - 8)","Drywall Finishing Tools > Columbia > Parts",""
"Columbia","simple","CFB19","","Angle Box Nylatron Bushing (CFB - 19)","Drywall Finishing Tools > Columbia > Parts",""
"Columbia","simple","CFB1A","","Angle Box Hinge Seal (CFB - 1A)","Drywall Finishing Tools > Columbia > Parts",""
"Columbia","simple","CFB2-8IN","","8"" Roll Face (CFB28)","Drywall Finishing Tools > Columbia > Parts",""
"Columbia","simple","CFB3-8IN","","CFB3 - 8 - Side Plate 8""","Drywall Finishing Tools > Columbia > Parts",""
"Columbia","simple","CFB4-8IN","","CFB4 - 8 - Door 8""","Drywall Finishing Tools > Columbia > Parts",""
"Columbia","simple","CFB5A","","Corner Box Cone Ball End (Large)","Drywall Finishing Tools > Columbia > Parts",""
"Columbia","simple","CFB5C","","Corner Box Cone Ball End (Standard)","Drywall Finishing Tools > Columbia > Parts",""
"Columbia","simple","CFB7-8","","Door Gasket 8""","Drywall Finishing Tools > Columbia > Parts",""
"Columbia","simple","CFB7-8IN","","CFB7 - 8 - Door Gasket 8""","Drywall Finishing Tools > Columbia > Parts",""
"Columbia","simple","CFB8A","","ONE Angle Box Door Adaptor #14499 (CFB8A)","Drywall Finishing Tools > Columbia > Parts",""
"Columbia","simple","CLT-12","","Cam Lock Tube Locking Sleeve (CLT12)","Drywall Finishing Tools > Columbia > Parts",""
"Columbia","simple","CLT-13","","Cam Lock Tube Cam Body (CLT13)","Drywall Finishing Tools > Columbia > Parts",""
"Columbia","simple","CLT-14","","Cam Lock Tube Locking Pin (CLT14)","Drywall Finishing Tools > Columbia > Parts",""
"Columbia","simple","CLT-16","","Cam Lock Tube End Cap (CLT16)","Drywall Finishing Tools > Columbia > Parts",""
"Columbia","simple","CLT15","","Cam Lock Tube Return Spring (CLT15)","Drywall Finishing Tools > Columbia > Parts",""
"Columbia","simple","CMH-2","","Closet Monster 18"" Flat Box Handle (CMH)","Drywall Finishing Tools > Columbia > Parts",""
"Columbia","simple","CMH-8","","Closet Monster 18"" Flat Box Handle (CMH)","Drywall Finishing Tools > Columbia > Parts",""
"Columbia","simple","CMT-1-24","","Barrel Main Body 24 in (CMT1 - 24)","Drywall Finishing Tools > Columbia > Parts",""
"Columbia","simple","CMT-1A-22","","Draw Tube 22 in (CMT1A - 22)","Drywall Finishing Tools > Columbia > Parts",""
"Columbia","simple","CMT1-24IN","","Barrel Main Body 24 in (CMT1 - 24)","Drywall Finishing Tools > Columbia > Parts",""
"Columbia","simple","CMT1A-24IN","","Draw Tube - 24"" (CMT1A - 24)","Drywall Finishing Tools > Columbia > Parts",""
"Columbia","simple","CMT2","","Cone insert(Bottom)","Drywall Finishing Tools > Columbia > Parts",""
"Columbia","simple","CMT4","","Plunger Housing (CMT4)","Drywall Finishing Tools > Columbia > Parts",""
"Columbia","simple","CMT5","","Plastic Handle Collar (CMT5)","Drywall Finishing Tools > Columbia > Parts",""
"Columbia","simple","CMT6","","Cone insert(Top)","Drywall Finishing Tools > Columbia > Parts",""
"Columbia","simple","CMT8","","Mastic Tube Washer (CMT8)","Drywall Finishing Tools > Columbia > Parts",""
"Columbia","simple","CPT125B","","Teflon Threaded Insert (CPT125B)","Drywall Finishing Tools > Columbia > Parts",""
"Columbia","simple","CR-2A","","Corner Roller (CR)","Drywall Finishing Tools > Columbia > Parts",""
"Columbia","simple","CR2","","Roller (2 piece - nylatron/steel)","Drywall Finishing Tools > Columbia > Parts",""
"Columbia","simple","CT-140","","Predator Taper Tape Advance Plate (CT140)","Drywall Finishing Tools > Columbia > Parts",""
"Columbia","simple","CT00","","Predator Taper Head Cover Plate (CT00)","Drywall Finishing Tools > Columbia > Parts",""
"Columbia","simple","CT02","","Predator Taper Insert Bushing (CT02)","Drywall Finishing Tools > Columbia > Parts",""
"Columbia","simple","CT03","","Predator Taper Left Insert Bushing (CT03)","Drywall Finishing Tools > Columbia > Parts",""
"Columbia","simple","CT054","","Predator Taper Toe Kicker Rail (CT054)","Drywall Finishing Tools > Columbia > Parts",""
"Columbia","simple","CT10","","Taper Crimping Arm Bushing Right (CT10)","Drywall Finishing Tools > Columbia > Parts",""
"Columbia","simple","CT10I","","Taper Crimping Arm Bushing Right (CT10)","Drywall Finishing Tools > Columbia > Parts",""
"Columbia","simple","CT110","","Piston Cup Relief Washer (CT110)","Drywall Finishing Tools > Columbia > Parts",""
"Columbia","simple","CT114","","Predator Taper Locking Block (CT114)","Drywall Finishing Tools > Columbia > Parts",""
"Columbia","simple","CT115A","","Taper Gasket New Style End Ring (CT115A)","Drywall Finishing Tools > Columbia > Parts",""
"Columbia","simple","CT117A","","Base - New (CT117A)","Drywall Finishing Tools > Columbia > Parts",""
"Columbia","simple","CT118A","","Retaining Spring Clip(Quick Realease)","Drywall Finishing Tools > Columbia > Parts",""
"Columbia","simple","CT119A","","Spool Retaining Spring (CT - 119)","Drywall Finishing Tools > Columbia > Parts",""
"Columbia","simple","CT12","","Tape Advance Release Bracket (CT12)","Drywall Finishing Tools > Columbia > Parts",""
"Columbia","simple","CT121B","","Tape Spool Shaft (Quick Release)","Drywall Finishing Tools > Columbia > Parts",""
"Columbia","simple","CT122A","","Taper Strap - CT122 (CT - 122A)","Drywall Finishing Tools > Columbia > Parts",""
"Columbia","simple","CT123A","","Taper Retaining Spring Shaft (CT - 123)","Drywall Finishing Tools > Columbia > Parts",""
"Columbia","simple","CT124A","","Grip Guard Ring Top (CT124A)","Drywall Finishing Tools > Columbia > Parts",""
"Columbia","simple","CT124B","","Grip Guard Ring Bottom (CT124B)","Drywall Finishing Tools > Columbia > Parts",""
"Columbia","simple","CT126PA","","Hand Grip Body Pump Action (CT126PA)","Drywall Finishing Tools > Columbia > Parts",""
"Columbia","simple","CT128A","","Taper Shaft Guide Roller Bushing (CT128A)","Drywall Finishing Tools > Columbia > Parts",""
"Columbia","simple","CT154","","Predator Taper Cam Roller (CT154)","Drywall Finishing Tools > Columbia > Parts",""
"Columbia","simple","CT15A","","Old Style Ratchet Rod (CT15A)","Drywall Finishing Tools > Columbia > Parts",""
"Columbia","simple","CT17","","Separation Plate (CT17)","Drywall Finishing Tools > Columbia > Parts",""
"Columbia","simple","CT18","","Predator Taper Guide Bracket (CT18)","Drywall Finishing Tools > Columbia > Parts",""
"Columbia","simple","CT22","","Taper Brass Bracket (CT22)","Drywall Finishing Tools > Columbia > Parts",""
"Columbia","simple","CT23","","Reinforcing Rod (CT23)","Drywall Finishing Tools > Columbia > Parts",""
"Columbia","simple","CT24","","Predator Taper Brass Bushing (CT24)","Drywall Finishing Tools > Columbia > Parts",""
"Columbia","simple","CT240-DL","","Predator Taper Deep Lever Assembly (CT240 - DL)","Drywall Finishing Tools > Columbia > Parts",""
"Columbia","simple","CT34","","Cover Plate Attachment Block (CT34)","Drywall Finishing Tools > Columbia > Parts",""
"Columbia","simple","CT34CL","","Cam Lock Cap Side Block (CT34 - CL)","Drywall Finishing Tools > Columbia > Parts",""
"Columbia","simple","CT364","","Predator Taper Knife Guide Bracket (CT364)","Drywall Finishing Tools > Columbia > Parts",""
"Columbia","simple","CT39","","Taper Knife Return Spring (CT39)","Drywall Finishing Tools > Columbia > Parts",""
"Columbia","simple","CT49","","Taper Crimping Arm Right (CT49)","Drywall Finishing Tools > Columbia > Parts",""
"Columbia","simple","CT52","","Predator Taper Spacer Bar (CT52)","Drywall Finishing Tools > Columbia > Parts",""
"Columbia","simple","CT59","","Magnet (CT59)","Drywall Finishing Tools > Columbia > Parts",""
"Columbia","simple","CT6","","Taper Side Plate Right (CT - 6)","Drywall Finishing Tools > Columbia > Parts",""
"Columbia","simple","CT624","","Predator Taper Needle Shaft Assembly (CT624)","Drywall Finishing Tools > Columbia > Parts",""
"Columbia","simple","CT66","","Taper Drive Drum (CT66)","Drywall Finishing Tools > Columbia > Parts",""
"Columbia","simple","CT69","","Predator Taper Drive Cam (CT69)","Drywall Finishing Tools > Columbia > Parts",""
"Columbia","simple","CT6R","","Taper Side Plate Right - CT6 (CT - 6)","Drywall Finishing Tools > Columbia > Parts",""
"Columbia","simple","CT7","","Side Plate Support  Right (CT7)","Drywall Finishing Tools > Columbia > Parts",""
"Columbia","simple","CT711A","","Predator Taper Crimping Arm Bearing (CT711A)","Drywall Finishing Tools > Columbia > Parts",""
"Columbia","simple","CT726","","Predator Taper Drive Chain Predator (CT726)","Drywall Finishing Tools > Columbia > Parts",""
"Columbia","simple","CT74","","Predator Taper Cable Guide Pulley (CT74)","Drywall Finishing Tools > Columbia > Parts",""
"Columbia","simple","CT741A","","Predator Taper Cutter Block Clamp (CT741A)","Drywall Finishing Tools > Columbia > Parts",""
"Columbia","simple","CT747","","Predator Taper Crimping Wheel Bushing (CT747)","Drywall Finishing Tools > Columbia > Parts",""
"Columbia","simple","CT759","","Predator Taper Hollow Shaft Predator (CT759)","Drywall Finishing Tools > Columbia > Parts",""
"Columbia","simple","CT765","","Predator Taper Manual Drive Grip (CT765)","Drywall Finishing Tools > Columbia > Parts",""
"Columbia","simple","CT768","","Predator Taper Clutch Lever (CT768)","Drywall Finishing Tools > Columbia > Parts",""
"Columbia","simple","CT771","","Predator Taper Drive Sprocket Small (CT771)","Drywall Finishing Tools > Columbia > Parts",""
"Columbia","simple","CT776","","Predator Taper Drive Sprocket Large (CT776)","Drywall Finishing Tools > Columbia > Parts",""
"Columbia","simple","CT77S","","Taper Drive Sprocket Large (CT - 77)","Drywall Finishing Tools > Columbia > Parts",""
"Columbia","simple","CT790","","Predator Taper Rod Sleeve Housing (CT790)","Drywall Finishing Tools > Columbia > Parts",""
"Columbia","simple","CT794","","Predator Taper Mud Shut Off Upper Plate (CT794)","Drywall Finishing Tools > Columbia > Parts",""
"Columbia","simple","CT8","","Side Plate Support  Left (CT8)","Drywall Finishing Tools > Columbia > Parts",""
"Columbia","simple","CT840","","Predator Taper Control Valve Body (CT840)","Drywall Finishing Tools > Columbia > Parts",""
"Columbia","simple","CT87-CL","","Cam Lock Taper Cap (CT87 - CL)","Drywall Finishing Tools > Columbia > Parts",""
"Columbia","simple","CT87-CS","","Rubber Seal","Drywall Finishing Tools > Columbia > Parts",""
"Columbia","simple","CT93","","Taper Mud Shut Off Lever Arm (CT93)","Drywall Finishing Tools > Columbia > Parts",""
"Columbia","simple","CT94","","Mud Shut - Off Upper Plate (CT94)","Drywall Finishing Tools > Columbia > Parts",""
"Columbia","simple","CT95","","Control Valve (CT95)","Drywall Finishing Tools > Columbia > Parts",""
"Columbia","simple","CT99","","Removable Cover Plate Pin (CT - 99)","Drywall Finishing Tools > Columbia > Parts",""
"Columbia","simple","CTA128","","Predator Taper Shaft Guide Roller Bushing Assembly (CTA128)","Drywall Finishing Tools > Columbia > Parts",""
"Columbia","simple","CTA1A","","Predator Taper Cutter Block Assembly (CTA1A)","Drywall Finishing Tools > Columbia > Parts",""
"Columbia","simple","CTS6","","Carriage Guide Rod Stop (CT56)","Drywall Finishing Tools > Columbia > Parts",""
"Columbia","simple","CTS6A","","Carriage Guide Rod Stop A (CT56A)","Drywall Finishing Tools > Columbia > Parts",""
"Columbia","simple","CTS9","","Magnet (CT59)","Drywall Finishing Tools > Columbia > Parts",""
"Columbia","simple","CTSAA","","Predator Taper Side Assembly Left (CTSAA)","Drywall Finishing Tools > Columbia > Parts",""
"Columbia","simple","CTSS","","Carriage Guide Rod (CT55)","Drywall Finishing Tools > Columbia > Parts",""
"Columbia","simple","CTYS","","Predator Taper Y - Cam Spring (CTYS)","Drywall Finishing Tools > Columbia > Parts",""
"Columbia","simple","EA-CLS","","Predator Taper Cam Lock Sleeve (EA:CLS)","Drywall Finishing Tools > Columbia > Parts",""
"Columbia","simple","EA200","","Predator Taper External Adapter 200 (EA200)","Drywall Finishing Tools > Columbia > Parts",""
"Columbia","simple","ER2LT","","Predator Taper Tension Rod Left (ER2LT)","Drywall Finishing Tools > Columbia > Parts",""
"Columbia","simple","EXT35","","Extension Tube 35 in (EXT35)","Drywall Finishing Tools > Columbia > Parts",""
"Columbia","simple","FA-319","","3/8 - 16 Hex Nut (FA319)","Drywall Finishing Tools > Columbia > Parts",""
"Columbia","simple","FA-321","","3/8 - 16 x 3/4 Socket Head Screw (FA321)","Drywall Finishing Tools > Columbia > Parts",""
"Columbia","simple","FA-325","","3/8 - 16 x 1 - 1/2 Socket Head Screw (FA325)","Drywall Finishing Tools > Columbia > Parts",""
"Columbia","simple","FA-326","","Rivet - Flusher (FA326)","Drywall Finishing Tools > Columbia > Parts",""
"Columbia","simple","FA-347","","1/4 - 20 Nyloc Nut (FA347)","Drywall Finishing Tools > Columbia > Parts",""
"Columbia","simple","FA-348","","1/4 Flat Washer (FA348)","Drywall Finishing Tools > Columbia > Parts",""
"Columbia","simple","FA-383","","1/4 - 20 x 3/8 Flat Head Screw (FA383)","Drywall Finishing Tools > Columbia > Parts",""
"Columbia","simple","FA-S26","","6 - 32 x 1/4 Set Screw (FA S26)","Drywall Finishing Tools > Columbia > Parts",""
"Columbia","simple","FA20A","","4 - 40 x 3/16 Flat Head Screw (FA20A)","Drywall Finishing Tools > Columbia > Parts",""
"Columbia","simple","FA21A","","4 - 40 X 1/2 in Fill. Head Screw (FA219)","Drywall Finishing Tools > Columbia > Parts",""
"Columbia","simple","FA221","","#6 Belleville Washer (FA221)","Drywall Finishing Tools > Columbia > Parts",""
"Columbia","simple","FA22K","","4 - 40 Nyloc Nut (FA22K)","Drywall Finishing Tools > Columbia > Parts",""
"Columbia","simple","FA242","","6 - 32 x 3/8 Pan Head Screw (FA242)","Drywall Finishing Tools > Columbia > Parts",""
"Columbia","simple","FA263","","8 - 32 x 5/8 Flat Head Screw (FA263)","Drywall Finishing Tools > Columbia > Parts",""
"Columbia","simple","FA27A","","6 - 32 x 1/4 Pan Head Screw (FA27A)","Drywall Finishing Tools > Columbia > Parts",""
"Columbia","simple","FA28","","#8 Lock Washer (FA28)","Drywall Finishing Tools > Columbia > Parts",""
"Columbia","simple","FA283","","4 - 40 X 3/4"" Hex Bolt (FA283)","Drywall Finishing Tools > Columbia > Parts",""
"Columbia","simple","FA284","","3/16 x 3/8 SS Pop Rivet (FA284)","Drywall Finishing Tools > Columbia > Parts",""
"Columbia","simple","FA285","","1/4"" Plastic Washer (FA285)","Drywall Finishing Tools > Columbia > Parts",""
"Columbia","simple","FA287","","1/4 x 5/8 Split Pin (FA287)","Drywall Finishing Tools > Columbia > Parts",""
"Columbia","simple","FA290","","1/4 - 20 Nyloc Nut (FA290)","Drywall Finishing Tools > Columbia > Parts",""
"Columbia","simple","FA2AS","","1/4 in Plastic Washer (FA285)","Drywall Finishing Tools > Columbia > Parts",""
"Columbia","simple","FA2J0","","#10 Belleville Washer (FA280)","Drywall Finishing Tools > Columbia > Parts",""
"Columbia","simple","FA2L3","","4 - 40 X 3/4"" Hex Bolt (FA283)","Drywall Finishing Tools > Columbia > Parts",""
"Columbia","simple","FA304","","5/16 Flat Washer (FA - 304)","Drywall Finishing Tools > Columbia > Parts",""
"Columbia","simple","FA309","","5/16 - 18 x 1/2 Socket Head Screw (FA309)","Drywall Finishing Tools > Columbia > Parts",""
"Columbia","simple","FA314","","10 - 24 X 1 - 1/2 Pan Slot (FA314)","Drywall Finishing Tools > Columbia > Parts",""
"Columbia","simple","FA318","","3/8 - 16 x 1 - 1/4 Hex Bolt (FA318)","Drywall Finishing Tools > Columbia > Parts",""
"Columbia","simple","FA323","","1/4 - 20 X 1"" Hex Bolt (FA323)","Drywall Finishing Tools > Columbia > Parts",""
"Columbia","simple","FA324","","10 - 24 x 1/4 Set Screw (FA324)","Drywall Finishing Tools > Columbia > Parts",""
"Columbia","simple","FA327","","8 - 32 x 1/4 Pan Head Screw (FA327)","Drywall Finishing Tools > Columbia > Parts",""
"Columbia","simple","FA328","","3/8 Flat Washer (FA328)","Drywall Finishing Tools > Columbia > Parts",""
"Columbia","simple","FA32S","","1/4 - 20 X 1"" Hex Bolt (FA323)","Drywall Finishing Tools > Columbia > Parts",""
"Columbia","simple","FA337","","1/4 - 20 x 5/8 Flat Socket Head (FA337)","Drywall Finishing Tools > Columbia > Parts",""
"Columbia","simple","FA340","","1/4 - 20 x 1 - 1/4 Socket Head (FA340)","Drywall Finishing Tools > Columbia > Parts",""
"Columbia","simple","FA341","","1/4 - 20 x 1 - 3/4 Hex Bolt (FA341)","Drywall Finishing Tools > Columbia > Parts",""
"Columbia","simple","FA342","","1/4 - 20 x 3/4 Hex Bolt (FA342)","Drywall Finishing Tools > Columbia > Parts",""
"Columbia","simple","FA345","","1/4 x 1/4 Roll Pin (FA345)","Drywall Finishing Tools > Columbia > Parts",""
"Columbia","simple","FA346","","1/4 Star Washer (FA346)","Drywall Finishing Tools > Columbia > Parts",""
"Columbia","simple","FA350","","5/16 - 18 x 7/8 Socket Head Screw (FA350)","Drywall Finishing Tools > Columbia > Parts",""
"Columbia","simple","FA355","","3/8 - 16 x 5/8 Flat Head Screw (FA355)","Drywall Finishing Tools > Columbia > Parts",""
"Columbia","simple","FA358","","3/8 - 16 Nyloc Nut (FA358)","Drywall Finishing Tools > Columbia > Parts",""
"Columbia","simple","FA359","","3/8 x 1/2 Roll Pin (FA359)","Drywall Finishing Tools > Columbia > Parts",""
"Columbia","simple","FA360","","3/8 Lock Washer (FA360)","Drywall Finishing Tools > Columbia > Parts",""
"Columbia","simple","FA362","","10 - 24 x 3/4 Flat Head Screw (FA362)","Drywall Finishing Tools > Columbia > Parts",""
"Columbia","simple","FA364","","8 - 32 x 5/8 Hex Bolt (FA364)","Drywall Finishing Tools > Columbia > Parts",""
"Columbia","simple","FA366","","8 - 32 x 3/8 Pan Head Screw (FA366)","Drywall Finishing Tools > Columbia > Parts",""
"Columbia","simple","FA371","","10 - 24 x 7/8 Hex Bolt (FA371)","Drywall Finishing Tools > Columbia > Parts",""
"Columbia","simple","FA374","","10 - 32 x 1/4 Flat Head Screw (FA374)","Drywall Finishing Tools > Columbia > Parts",""
"Columbia","simple","FA375","","10 - 32 x 3/8 Flat Head Screw (FA375)","Drywall Finishing Tools > Columbia > Parts",""
"Columbia","simple","FA377","","6 - 32 x 1/4 Flat Head Screw (FA377)","Drywall Finishing Tools > Columbia > Parts",""
"Columbia","simple","FA390","","6 - 32 x 7/8 Pan Head Screw (FA390)","Drywall Finishing Tools > Columbia > Parts",""
"Columbia","simple","FA391","","6 - 32 x 1 Pan Head Screw (FA391)","Drywall Finishing Tools > Columbia > Parts",""
"Columbia","simple","FA392","","6 - 32 x 1 - 1/4 Pan Head Screw (FA392)","Drywall Finishing Tools > Columbia > Parts",""
"Columbia","simple","FA393","","6 - 32 x 1 - 1/2 Pan Head Screw (FA393)","Drywall Finishing Tools > Columbia > Parts",""
"Columbia","simple","FA526","","3/8 - 16 x 1 Hex Bolt (FA526)","Drywall Finishing Tools > Columbia > Parts",""
"Columbia","simple","FAJ144","","Predator Joint Fastener 14 - 4 (FAJ144)","Drywall Finishing Tools > Columbia > Parts",""
"Columbia","simple","FAJ706","","Predator Joint Fastener 70 - 6 (FAJ706)","Drywall Finishing Tools > Columbia > Parts",""
"Columbia","simple","FAS46","","Predator Taper 4 - 40 x 5/16 Set Screw (FAS46)","Drywall Finishing Tools > Columbia > Parts",""
"Columbia","simple","FAZ07","","Predator Taper 4 - 40 x 3/16 Binder Slot (FAZ07)","Drywall Finishing Tools > Columbia > Parts",""
"Columbia","simple","FAZ0A","","Predator Taper 4 - 40 Lock Washer (FAZ0A)","Drywall Finishing Tools > Columbia > Parts",""
"Columbia","simple","FAZ10","","Predator Taper 4 - 40 x 1/4 Fillister Slot (FAZ10)","Drywall Finishing Tools > Columbia > Parts",""
"Columbia","simple","FAZ14","","Predator Taper 4 - 40 x 3/8 Hex Bolt (FAZ14)","Drywall Finishing Tools > Columbia > Parts",""
"Columbia","simple","FAZ1S","","Predator Taper 4 - 40 x 1/8 Set Screw (FAZ1S)","Drywall Finishing Tools > Columbia > Parts",""
"Columbia","simple","FAZ20","","Predator Taper 6 - 32 x 3/4 Hex Bolt (FAZ20)","Drywall Finishing Tools > Columbia > Parts",""
"Columbia","simple","FAZ21S","","Predator Taper 6 - 32 x 1/8 Set Screw (FAZ21S)","Drywall Finishing Tools > Columbia > Parts",""
"Columbia","simple","FAZ2R","","Predator Taper 6 - 32 Nyloc Nut (FAZ2R)","Drywall Finishing Tools > Columbia > Parts",""
"Columbia","simple","FAZ48","","Predator Taper 5/16 - 18 x 3/4 Hex Bolt (FAZ48)","Drywall Finishing Tools > Columbia > Parts",""
"Columbia","simple","FAZ54","","Predator Taper 3/8 - 16 x 3/4 Socket Head (FAZ54)","Drywall Finishing Tools > Columbia > Parts",""
"Columbia","simple","FAZ5S","","Predator Taper 8 - 32 x 1/4 Set Screw (FAZ5S)","Drywall Finishing Tools > Columbia > Parts",""
"Columbia","simple","FAZ6S","","Predator Taper 8 - 32 x 3/16 Set Screw (FAZ6S)","Drywall Finishing Tools > Columbia > Parts",""
"Columbia","simple","FAZOR","","Predator Taper 4 - 40 O - Ring (FAZOR)","Drywall Finishing Tools > Columbia > Parts",""
"Columbia","simple","FCMR1-5X18MM","","Columbia Corner Mud Roller Replacement","Drywall Finishing Tools > Columbia > Parts",""
"Columbia","simple","FF8-12","","Adjuster Dial Assy (5.5,7,8,10)","Drywall Finishing Tools > Columbia > Parts",""
"Columbia","simple","FF8-19","","Brass Adjuster Pin (FFB19)","Drywall Finishing Tools > Columbia > Parts",""
"Columbia","simple","FF8-32","","Thumb Release Clip (FFB32)","Drywall Finishing Tools > Columbia > Parts",""
"Columbia","simple","FF8-4C","","Flat Box Corner Blade Assembly 4 in (FFB4C)","Drywall Finishing Tools > Columbia > Parts",""
"Columbia","simple","FF8A-10-10","","Blade Bar Assembly 10 in (FFBA10 - 10)","Drywall Finishing Tools > Columbia > Parts",""
"Columbia","simple","FFB-2S-10","","Flat Box Side Plate 10 in Short (FFB 2S - 10)","Drywall Finishing Tools > Columbia > Parts",""
"Columbia","simple","FFB-SA","","Flat Box Side Arm Assembly (FFB SA)","Drywall Finishing Tools > Columbia > Parts",""
"Columbia","simple","FFB10-10","","Flat Box Side Cover 10 in (FFB10 - 10)","Drywall Finishing Tools > Columbia > Parts",""
"Columbia","simple","FFB11-10","","Adjuster Spring - 10""","Drywall Finishing Tools > Columbia > Parts",""
"Columbia","simple","FFB11-12","","Adjuster Spring - 12""","Drywall Finishing Tools > Columbia > Parts",""
"Columbia","simple","FFB11-8","","Adjuster Spring - 8""","Drywall Finishing Tools > Columbia > Parts",""
"Columbia","simple","FFB12","","Adjuster Dial Assembly 12 in (FFB12)","Drywall Finishing Tools > Columbia > Parts",""
"Columbia","simple","FFB16","","Door Spring Nut","Drywall Finishing Tools > Columbia > Parts",""
"Columbia","simple","FFB18","","Rear Plate 8"" (FFB1 - 8)","Drywall Finishing Tools > Columbia > Parts",""
"Columbia","simple","FFB19","","Brass Adjuster Pin (FFB19)","Drywall Finishing Tools > Columbia > Parts",""
"Columbia","simple","FFB1A","","Nail Spotter Flat Plate 1A (FFB1A)","Drywall Finishing Tools > Columbia > Parts",""
"Columbia","simple","FFB1B","","Flat Box Body 1B (FFB1B)","Drywall Finishing Tools > Columbia > Parts",""
"Columbia","simple","FFB2-10","","Roll Face 10"" (FFB2 - 10)","Drywall Finishing Tools > Columbia > Parts",""
"Columbia","simple","FFB24-10","","Flat Box Wheel Axle 24 in 10 in (FFB24 - 10)","Drywall Finishing Tools > Columbia > Parts",""
"Columbia","simple","FFB2A","","Bushing (FFB2A)","Drywall Finishing Tools > Columbia > Parts",""
"Columbia","simple","FFB35","","Flat Box Spring Assembly (FFB35)","Drywall Finishing Tools > Columbia > Parts",""
"Columbia","simple","FFB40-10","","Flat Box Door Gasket 10 in (FFB40 - 10)","Drywall Finishing Tools > Columbia > Parts",""
"Columbia","simple","FFB40-10IN","","Flat Box Door Gasket 10 in (FFB40 - 10)","Drywall Finishing Tools > Columbia > Parts",""
"Columbia","simple","FFB41","","Flat Box Axle Assembly (FFB41)","Drywall Finishing Tools > Columbia > Parts",""
"Columbia","simple","FFB42","","Flat Box Door Pivot (FFB 42)","Drywall Finishing Tools > Columbia > Parts",""
"Columbia","simple","FFB43","","Bead Wheel Bushing (FFB43)","Drywall Finishing Tools > Columbia > Parts",""
"Columbia","simple","FFB44","","Flat Box Door Pivot Pin (FFB44)","Drywall Finishing Tools > Columbia > Parts",""
"Columbia","simple","FFB4C","","Flat Box Corner Blade Assembly 4 in (FFB4C)","Drywall Finishing Tools > Columbia > Parts",""
"Columbia","simple","FFB9-5-5","","Blade 5.5""","Drywall Finishing Tools > Columbia > Parts",""
"Columbia","simple","FFH14","","Handle Grip (FFH14)","Drywall Finishing Tools > Columbia > Parts",""
"Columbia","simple","FG-3A","","Flat Box Angle Guide 3A (FG3A)","Drywall Finishing Tools > Columbia > Parts",""
"Columbia","simple","FG4-45","","Flat Box 45 Degree Corner Guide 4 in (FG4 - 45)","Drywall Finishing Tools > Columbia > Parts",""
"Columbia","simple","FR258","","Predator Taper Frame Reinforcement (FR258)","Drywall Finishing Tools > Columbia > Parts",""
"Columbia","simple","FRZ13","","Predator Taper Zinc Frame Rivet (FRZ13)","Drywall Finishing Tools > Columbia > Parts",""
"Columbia","simple","FX242","","Predator Taper Flex Connector (FX242)","Drywall Finishing Tools > Columbia > Parts",""
"Columbia","simple","H-1","","Hot Mud Pump Cylinder (HP1)","Drywall Finishing Tools > Columbia > Parts",""
"Columbia","simple","HB48B","","Hot Mud Pump Handle B (HB48B)","Drywall Finishing Tools > Columbia > Parts",""
"Columbia","simple","HFB-17","","Heavy Flat Box Wheel Set (HFFB17)","Drywall Finishing Tools > Columbia > Parts",""
"Columbia","simple","HFBB14-10","","Hinged Door Gasket 10 in Fat Boy (HFBB14 - 10)","Drywall Finishing Tools > Columbia > Parts",""
"Columbia","simple","HFFB1-10","","10 in Heavy Flat Box Body (HFFB1 - 10)","Drywall Finishing Tools > Columbia > Parts",""
"Columbia","simple","HFFB14-10IN","","HFFB14 - 10 - 10"" Flat Box Hinged Door Gasket","Drywall Finishing Tools > Columbia > Parts",""
"Columbia","simple","HFFB1A-10","","Mud Seal Strip - 10""","Drywall Finishing Tools > Columbia > Parts",""
"Columbia","simple","HFFB3A","","Hinge Box End Plate - Left","Drywall Finishing Tools > Columbia > Parts",""
"Columbia","simple","HFFB4-10","","10 in Heavy Flat Box Door (HFFB4 - 10)","Drywall Finishing Tools > Columbia > Parts",""
"Columbia","simple","HFFB4D","","Nylatron Bushing","Drywall Finishing Tools > Columbia > Parts",""
"Columbia","simple","HH10-EXTLONG","","Octogon Tube for Hydro Handle for COL88 (HH10)","Drywall Finishing Tools > Columbia > Parts",""
"Columbia","simple","HH21","","Reservoir Piston Spring for COL88 (HH21)","Drywall Finishing Tools > Columbia > Parts",""
"Columbia","simple","HNS-3","","Nail Spotter Front Plate (HNS3)","Drywall Finishing Tools > Columbia > Parts",""
"Columbia","simple","HNS14-PR","","Nail Spotter 14 in Pad and Rod Assembly (HNS14PR)","Drywall Finishing Tools > Columbia > Parts",""
"Columbia","simple","HNS14A","","Handle Link New Style (HNS14A)","Drywall Finishing Tools > Columbia > Parts",""
"Columbia","simple","HNS19-3","","Triangle Shoe 3 in (HNS19 - 3”)","Drywall Finishing Tools > Columbia > Parts",""
"Columbia","simple","HNS2-3","","Nail Spotter Front Plate (HNS3)","Drywall Finishing Tools > Columbia > Parts",""
"Columbia","simple","HNS2A","","Rollface Post (HNS2A)","Drywall Finishing Tools > Columbia > Parts",""
"Columbia","simple","HNS9-3","","Face Plate 3 in (HNS9 - 3”)","Drywall Finishing Tools > Columbia > Parts",""
"Columbia","simple","HP4","","Hot Mud Pump Piston Assembly (HP4)","Drywall Finishing Tools > Columbia > Parts",""
"Columbia","simple","HP48","","Handle Pin (HP48)","Drywall Finishing Tools > Columbia > Parts",""
"Columbia","simple","HP48A","","Hot Mud Pump HP48 Body A (HP48A)","Drywall Finishing Tools > Columbia > Parts",""
"Columbia","simple","HP48B","","Hot Mud Pump HP48 Body B (HP48B)","Drywall Finishing Tools > Columbia > Parts",""
"Columbia","simple","HP48L","","Hot Mud Pump HP48 Long Body (HP48L)","Drywall Finishing Tools > Columbia > Parts",""
"Columbia","simple","HPA-48","","HPA48 - Handle Pin Assembly","Drywall Finishing Tools > Columbia > Parts",""
"Columbia","simple","ICA-2","","Inside Corner Applicator Axle (ICA2)","Drywall Finishing Tools > Columbia > Parts",""
"Columbia","simple","ICA-3","","Inside Corner Applicator Wheel (ICA3)","Drywall Finishing Tools > Columbia > Parts",""
"Columbia","simple","ICA-4L","","Inside Corner Applicator Left Frame Sub - Assembly (ICA4L)","Drywall Finishing Tools > Columbia > Parts",""
"Columbia","simple","ICA-4R","","Inside Corner Applicator Right Frame Sub - Assembly (ICA4R)","Drywall Finishing Tools > Columbia > Parts",""
"Columbia","simple","ICATW-1","","Inside 90 Applicator with Wheels (ICATW)","Drywall Finishing Tools > Columbia > Parts",""
"Columbia","simple","ICATW-2","","Inside 90 Applicator with Wheels (ICATW)","Drywall Finishing Tools > Columbia > Parts",""
"Columbia","simple","LT06","","Predator Taper Lightweight Frame Bracket (LT06)","Drywall Finishing Tools > Columbia > Parts",""
"Columbia","simple","LT54","","Predator Taper Titanium Pull Rod 54 (LT54)","Drywall Finishing Tools > Columbia > Parts",""
"Columbia","simple","MH1","","Handle Mount Plate","Drywall Finishing Tools > Columbia > Parts",""
"Columbia","simple","MP2","","Foot Valve Casting","Drywall Finishing Tools > Columbia > Parts",""
"Columbia","simple","MP33A","","Mud Pump Spring Assembly (MP33A)","Drywall Finishing Tools > Columbia > Parts",""
"Columbia","simple","MP7A","","Mud Pump Foot Valve A (MP7A)","Drywall Finishing Tools > Columbia > Parts",""
"Columbia","simple","MP7B","","Mud Pump O - Ring Retainer B (MP7B)","Drywall Finishing Tools > Columbia > Parts",""
"Columbia","simple","MP7C","","Mud Pump O - Ring Retainer C (replaces MP7D)","Drywall Finishing Tools > Columbia > Parts",""
"Columbia","simple","MP7D","","Special Nut for Pump Handle (MP7D)","Drywall Finishing Tools > Columbia > Parts",""
"Columbia","simple","MP7E","","Mud Pump Foot Valve E (MP7E)","Drywall Finishing Tools > Columbia > Parts",""
"Columbia","simple","MP8A","","Mud Pump Valve Spring A (MP8A)","Drywall Finishing Tools > Columbia > Parts",""
"Columbia","simple","MP8B","","Mud Pump Valve Spring B (MP8B)","Drywall Finishing Tools > Columbia > Parts",""
"Columbia","simple","MRR12","","Columbia 2K Drywall Mud Roller Replacement","Drywall Finishing Tools > Columbia > Parts",""
"Columbia","simple","MRW","","Columbia Mud Roller Washer","Drywall Finishing Tools > Columbia > Parts",""
"Columbia","simple","NOLI","","NOLI","Drywall Finishing Tools > Columbia > Parts",""
"Columbia","simple","OCR-1","","Corner Roller Head Casting CR1 (CR1)","Drywall Finishing Tools > Columbia > Parts",""
"Columbia","simple","OCR-2A","","Roller Wheel CR2 (CR2)","Drywall Finishing Tools > Columbia > Parts",""
"Columbia","simple","OCR-2B","","Roller Wheel CR2 (CR2)","Drywall Finishing Tools > Columbia > Parts",""
"Columbia","simple","OCR-2C","","Roller Wheel CR2 (CR2)","Drywall Finishing Tools > Columbia > Parts",""
"Columbia","simple","OCR-2D","","Roller Wheel CR2 (CR2)","Drywall Finishing Tools > Columbia > Parts",""
"Columbia","simple","OCR-3","","Corner Roller Bearing Sleeve CR3 (CR3)","Drywall Finishing Tools > Columbia > Parts",""
"Columbia","simple","OCR-3A","","Corner Roller Bearing Sleeve CR3 (CR3)","Drywall Finishing Tools > Columbia > Parts",""
"Columbia","simple","OCR-5","","Corner Roller Wheel CR5 (CR5)","Drywall Finishing Tools > Columbia > Parts",""
"Columbia","simple","OCR-6","","Corner Roller Handle Mounting Swivel CR6 (CR6)","Drywall Finishing Tools > Columbia > Parts",""
"Columbia","simple","PA214","","Predator Taper Head Assembly 14 in (PA214)","Drywall Finishing Tools > Columbia > Parts",""
"Columbia","simple","PA266","","Predator Taper Head Sub Assembly (PA266)","Drywall Finishing Tools > Columbia > Parts",""
"Columbia","simple","PA277","","Predator Taper Creaser Arm Assembly (PA277)","Drywall Finishing Tools > Columbia > Parts",""
"Columbia","simple","PA2LS","","Predator Taper Left Side Assembly (PA2LS)","Drywall Finishing Tools > Columbia > Parts",""
"Columbia","simple","PA2S4","","Predator Taper Side Plate Assembly (PA2S4)","Drywall Finishing Tools > Columbia > Parts",""
"Columbia","simple","PACTS","","Predator Taper Cam Track Spring (PACTS)","Drywall Finishing Tools > Columbia > Parts",""
"Columbia","simple","PAS07","","Predator Taper Pivot Assembly Small (PAS07)","Drywall Finishing Tools > Columbia > Parts",""
"Columbia","simple","PAS80","","Predator Taper Pull Rod Assembly (PAS80)","Drywall Finishing Tools > Columbia > Parts",""
"Columbia","simple","PASS9","","Predator Taper Spring Set (PASS9)","Drywall Finishing Tools > Columbia > Parts",""
"Columbia","simple","PAZ20","","Predator Taper Zinc Cam Roller (PAZ20)","Drywall Finishing Tools > Columbia > Parts",""
"Columbia","simple","PAZ49","","Predator Taper Zinc Pivot Pin (PAZ49)","Drywall Finishing Tools > Columbia > Parts",""
"Columbia","simple","S1","","Sander Head Main Body (S1)","Drywall Finishing Tools > Columbia > Parts",""
"Columbia","simple","S2","","Sander Head Pivot Pin (S2)","Drywall Finishing Tools > Columbia > Parts",""
"Columbia","simple","S3","","Sander Head Return Spring (S3)","Drywall Finishing Tools > Columbia > Parts",""
"Columbia","simple","S4","","Sander Head Pivot Washer (S4)","Drywall Finishing Tools > Columbia > Parts",""
"Columbia","simple","S5","","Sander Head Retainer Clip (S5)","Drywall Finishing Tools > Columbia > Parts",""
"Columbia","simple","S6","","Sander Head Swivel Bearing (S6)","Drywall Finishing Tools > Columbia > Parts",""
"Columbia","simple","SB1-12IN","","Tomahawk 12 in Smoothing Blade (SB1 - 12)","Drywall Finishing Tools > Columbia > Parts",""
"Columbia","simple","SB3-LEFT","","Tomahawk Left Arm Assembly (SB3 - LEFT)","Drywall Finishing Tools > Columbia > Parts",""
"Columbia","simple","SB4-RIGHT","","Tomahawk Right Arm Assembly (SB4 - RIGHT)","Drywall Finishing Tools > Columbia > Parts",""
"Columbia","simple","SB5-SB6","","Tomahawk Blade Holder Spring (SB5)","Drywall Finishing Tools > Columbia > Parts",""
"Columbia","simple","SB7","","Tomahawk Handle Fitting (SB7)","Drywall Finishing Tools > Columbia > Parts",""
"Columbia","simple","SEE-EXTENSION-HOUSING-DETAIL","","SEE EXTENSION HOUSING DETAIL","Drywall Finishing Tools > Columbia > Parts",""
"Columbia","simple","SEE-HEAD-DETAIL","","SEE HEAD DETAIL","Drywall Finishing Tools > Columbia > Parts",""
"Columbia","simple","SEE-LEVER-DETAIL","","SEE LEVER DETAIL","Drywall Finishing Tools > Columbia > Parts",""
"Columbia","simple","SEE-PINCHBOX-DETAIL","","SEE PINCHBOX DETAIL","Drywall Finishing Tools > Columbia > Parts",""
"Columbia","simple","SF5","","Columbia Shrink Fit Comfort Grips for Welded Stainless Steel Joint Knives","Drywall Finishing Tools > Columbia > Parts",""
"Columbia","simple","TBMP8B","","Tall Boy Loading Pump (TBMP)","Drywall Finishing Tools > Columbia > Parts",""
"Columbia","simple","VAZ10","","Predator Taper Valve Assembly Zinc (VAZ10)","Drywall Finishing Tools > Columbia > Parts",""
"Columbia","variable","COL-MATRIX-BOX-HANDLE","","Columbia Matrix Box Handle","Drywall Finishing Tools > Columbia > Automatic Taping Tools",""
"Columbia","variable","COL-MUD-ROLLER-REPLACEMENT","","Columbia Mud Roller Replacement","Drywall Finishing Tools > Columbia > Parts",""
"Columbia","variation","10FFB","COL-FLAT-FINISHING-BOXES","Columbia Flat Finishing Box - 10""","Drywall Finishing Tools > Columbia > Automatic Taping Tools",""
"Columbia","variation","12FBB","COL-FAT-BOY-BOX","Columbia Fat Boy Finishing Box - 12""","Drywall Finishing Tools > Columbia > Automatic Taping Tools",""
"Columbia","variation","12FFB","COL-FLAT-FINISHING-BOXES","Columbia Flat Finishing Box - 12""","Drywall Finishing Tools > Columbia > Automatic Taping Tools",""
"Columbia","variation","14FFB","COL-FLAT-FINISHING-BOXES","Columbia Flat Finishing Box - 14""","Drywall Finishing Tools > Columbia > Automatic Taping Tools",""
"Columbia","variation","3.5DF","COL-DIRECT-FLUSHER","Columbia Direct Flusher - 3.5""","Drywall Finishing Tools > Columbia > Semi-Automatic Taping Tools",""
"Columbia","variation","3.5SF","COL-STANDARD-FLUSHERS","Columbia Standard Flusher - 3.5""","Drywall Finishing Tools > Columbia > Semi-Automatic Taping Tools",""
"Columbia","variation","3CSF","COL-COMBO-FLUSHER","Columbia Combo Flusher - 3""","Drywall Finishing Tools > Columbia > Semi-Automatic Taping Tools",""
"Columbia","variation","3DF","COL-DIRECT-FLUSHER","Columbia Direct Flusher - 3""","Drywall Finishing Tools > Columbia > Semi-Automatic Taping Tools",""
"Columbia","variation","3SF","COL-STANDARD-FLUSHERS","Columbia Standard Flusher - 3""","Drywall Finishing Tools > Columbia > Semi-Automatic Taping Tools",""
"Columbia","variation","3WTSF","COL-STANDARD-FLUSHERS","Columbia Standard Flusher - 3"" Widetrack","Drywall Finishing Tools > Columbia > Semi-Automatic Taping Tools",""
"Columbia","variation","4DF","COL-DIRECT-FLUSHER","Columbia Direct Flusher - 4""","Drywall Finishing Tools > Columbia > Semi-Automatic Taping Tools",""
"Columbia","variation","4SF","COL-STANDARD-FLUSHERS","Columbia Standard Flusher - 4""","Drywall Finishing Tools > Columbia > Semi-Automatic Taping Tools",""
"Columbia","variation","7FFB","COL-FLAT-FINISHING-BOXES","Columbia Flat Finishing Box - 7""","Drywall Finishing Tools > Columbia > Automatic Taping Tools",""
"Columbia","variation","8FFB","COL-FLAT-FINISHING-BOXES","Columbia Flat Finishing Box - 8""","Drywall Finishing Tools > Columbia > Automatic Taping Tools",""
"Columbia","variation","CHXL","COL-ONE-HANDLE","Columbia One Handle - 4' - 8' Long Extendible","Drywall Finishing Tools > Columbia > Handles & Extensions",""
"Columbia","variation","FMR3X18MM","COL-MUD-ROLLER-REPLACEMENT","Columbia Mud Roller Replacement -  80 mm / 3""","Drywall Finishing Tools > Columbia > Parts",""
"Columbia","variation","FMR9X18MM","COL-MUD-ROLLER-REPLACEMENT","Columbia Mud Roller Replacement -  220 mm / 9""","Drywall Finishing Tools > Columbia > Parts",""
"Columbia","variation","ICATW","COL-BILLET-MUD-APPLICATOR","Columbia Billet Mud Applicator - Two-Way Internal Corner 4 Wheels","Drywall Finishing Tools > Columbia > Semi-Automatic Taping Tools",""
"Columbia","variation","MH","COL-MATRIX-BOX-HANDLE","Columbia Matrix Box Handle - Regular 40"" to 60""","Drywall Finishing Tools > Columbia > Automatic Taping Tools",""
"Columbia","variation","MHL","COL-MATRIX-BOX-HANDLE","Columbia Matrix Box Handle - Long 56"" to 76""","Drywall Finishing Tools > Columbia > Automatic Taping Tools",""
"Columbia","variation","MHS","COL-MATRIX-BOX-HANDLE","Columbia Matrix Box Handle - Short 29"" to 39""","Drywall Finishing Tools > Columbia > Automatic Taping Tools",""
"Columbia","variation","PC1HEXT","COL-PREDATOR-ONE-HANDLE","Columbia Predator One Handle - 3' - 5' Extendable","Drywall Finishing Tools > Columbia > Handles & Extensions",""
"Columbia","variation","PCHXL","COL-PREDATOR-ONE-HANDLE","Columbia Predator One Handle - 4' - 8' Long Extendable","Drywall Finishing Tools > Columbia > Handles & Extensions",""
"Columbia","variation","PMHS","COL-PREDATOR-MATRIX-BOX-HANDLE","Columbia Predator Matrix Box Handle - Short 29"" to 39""","Drywall Finishing Tools > Columbia > Automatic Taping Tools",""
"Columbia","variation","TBBF","COL-BOX-FILLER","Columbia Box Filler - Tall Boy","Drywall Finishing Tools > Columbia > Mud Pans & Pumps",""
"Columbia","variation","TBGN","COL-GOOSENECK","Columbia Gooseneck - Tall Boy","Drywall Finishing Tools > Columbia > Mud Pans & Pumps",""
"Columbia","variation","TCS","COL-TOOL-CASE","Columbia Tool Case - Gun Case","Drywall Finishing Tools > Columbia > Tool Cases",""
"Dura-Stilts","simple","1830US","","Dura-III Stilts Uni-Strut - 18""- 30""","Stilts & Accessories > Dura-Stilts > Stilts",""
"Dura-Stilts","simple","23C","","Lower Strut Tube - 1 in O.D.","Stilts & Accessories > Dura-Stilts > Extension Tubes & Clamps",""
"Dura-Stilts","simple","2440US","","Dura-III Stilts Uni-Strut - 24""- 40""","Stilts & Accessories > Dura-Stilts > Stilts",""
"Dura-Stilts","simple","4","","Leg Strap & Buckle","Stilts & Accessories > Dura-Stilts > Straps & Buckles",""
"Dura-Stilts","simple","42","","Wing Bolt","Stilts & Accessories > Dura-Stilts > Hardware",""
"Dura-Stilts","simple","446","","Sole w/ Screws","Stilts & Accessories > Dura-Stilts > Soles & Floor Plates",""
"Dura-Stilts","simple","47C","","D24 Forward Leg","Stilts & Accessories > Dura-Stilts > Legs & Brackets",""
"Dura-Stilts","simple","49","","Small Nylon Extension Tube Sleeve","Stilts & Accessories > Dura-Stilts > Extension Tubes & Clamps",""
"Dura-Stilts","simple","50B2","","Adjustable Right Rear Leg DS1830 (Silver)","Stilts & Accessories > Dura-Stilts > Legs & Brackets",""
"Dura-Stilts","simple","50C2","","Adjustable Right Rear Leg #2440","Stilts & Accessories > Dura-Stilts > Legs & Brackets",""
"Dura-Stilts","simple","51C","","24 in - 40 in Dura-Stilts Extension Tube","Stilts & Accessories > Dura-Stilts > Extension Tubes & Clamps",""
"Dura-Stilts","simple","563","","24”-40” Forward Adjustable Leg","Stilts & Accessories > Dura-Stilts > Legs & Brackets",""
"Dura-Stilts","simple","5B","","Upper Strut Tube for DURA III 24""-40"" - 1 1/8 in O.D.","Stilts & Accessories > Dura-Stilts > Extension Tubes & Clamps",""
"Dura-Stilts","simple","7","","Arch Strap w/ Buckle","Stilts & Accessories > Dura-Stilts > Straps & Buckles",""
"Dura-Stilts","simple","8","","Short Toe Strap w/ Buckle","Stilts & Accessories > Dura-Stilts > Straps & Buckles",""
"SurPro","simple","SS1006","","Key & Lock Side Pole Clamp & Bracket Kit","Stilts & Accessories > SurPro > Extension Tubes & Clamps",""
"SurPro","simple","SS132","","Stilts Side Pole Clam Bolt Kit","Stilts & Accessories > SurPro > Hardware",""
"SurPro","simple","SS2005","","Stilt Socks w/ All Models-XL","Stilts & Accessories > SurPro > Accessories",""
"TapeTech","simple","054104","","Tape Runner Assembly","Drywall Finishing Tools > TapeTech > Parts",""
"TapeTech","simple","059119","","Drive Dog Holder Pin","Drywall Finishing Tools > TapeTech > Parts",""
"TapeTech","simple","059161","","4-40 X 3/8"" Fillister Head Sst Screw +","Drywall Finishing Tools > TapeTech > Parts",""
"TapeTech","simple","059217","","4-40 X 3/8"" BIND HEADSST SCREW","Drywall Finishing Tools > TapeTech > Parts",""
"TapeTech","simple","10128","","TapeTech Full Set – Configurable","Drywall Finishing Tools > TapeTech > Tool Sets & Kits",""
"TapeTech","simple","10354","","TapeTech JUMBO PRO™ Set – Configurable","Drywall Finishing Tools > TapeTech > Tool Sets & Kits",""
"TapeTech","simple","10355","","TapeTech Taping Tools Drywall Finishing Set – Configurable","Drywall Finishing Tools > TapeTech > Tool Sets & Kits",""
"TapeTech","simple","10356","","TapeTech Flat Box Set – Configurable","Drywall Finishing Tools > TapeTech > Tool Sets & Kits",""
"TapeTech","simple","13669","","TapeTech Taping Set – Configurable","Drywall Finishing Tools > TapeTech > Tool Sets & Kits",""
"TapeTech","simple","14TT","","TapeTech MudRunner®","Drywall Finishing Tools > TapeTech > Corner Tools",""
"TapeTech","simple","15TTE-W-HANDLE","","TapeTech Corner Roller with Handle","Drywall Finishing Tools > TapeTech > Corner Tools",""
"TapeTech","simple","15TTE-XHTT","","TapeTech Corner Roller with Extendable XHTT Handle","Drywall Finishing Tools > TapeTech > Corner Tools",""
"TapeTech","simple","209047","","Flat Box Nyliner Bearing","Drywall Finishing Tools > TapeTech > Flat Boxes",""
"TapeTech","simple","219095","","#4 NYLON FLAT WASHER","Drywall Finishing Tools > TapeTech > Parts",""
"TapeTech","simple","450009F","","3"" Angle Head Carbide Blade","Drywall Finishing Tools > TapeTech > Corner Tools",""
"TapeTech","simple","501C12","","12 in TapeTech Flat Box Repair Kit","Drywall Finishing Tools > TapeTech > Flat Boxes",""
"TapeTech","simple","501C7","","7 in TapeTech Flat Box Repair Kit","Drywall Finishing Tools > TapeTech > Flat Boxes",""
"TapeTech","simple","502005F","","7"" Pivot Pressure Plate","Drywall Finishing Tools > TapeTech > Parts",""
"TapeTech","simple","502F3","","3 in TapeTech Corner Finisher Blade Kit","Drywall Finishing Tools > TapeTech > Corner Tools",""
"TapeTech","simple","502F4","","3 in TapeTech EZ Roll Corner Finisher Blade Kit","Drywall Finishing Tools > TapeTech > Corner Tools",""
"TapeTech","simple","509008","","10-32 X 1/2"" Bind Head Screw +","Drywall Finishing Tools > TapeTech > Parts",""
"TapeTech","simple","632026","","Spring, Nail Spotter","Drywall Finishing Tools > TapeTech > Nail Spotters",""
"TapeTech","simple","70173","","TapeTech 10"" & 12"" Finishing Box Full Set","Drywall Finishing Tools > TapeTech > Tool Sets & Kits",""
"TapeTech","simple","72017","","TapeTech Blue Steel Taping Knife Kit","Drywall Finishing Tools > TapeTech > Tool Sets & Kits",""
"TapeTech","simple","72019","","TapeTech Stainless Steel Taping Knife Kit","Drywall Finishing Tools > TapeTech > Tool Sets & Kits",""
"TapeTech","simple","72020","","TapeTech Carbon Steel Joint Knife Set","Drywall Finishing Tools > TapeTech > Tool Sets & Kits",""
"TapeTech","simple","72021","","TapeTech Stainless Steel Joint Knife Set","Drywall Finishing Tools > TapeTech > Tool Sets & Kits",""
"TapeTech","simple","72022","","TapeTech Blue Steel Taping Knife Set","Drywall Finishing Tools > TapeTech > Tool Sets & Kits",""
"TapeTech","simple","72023","","TapeTech Stainless Steel Taping Knife Set","Drywall Finishing Tools > TapeTech > Tool Sets & Kits",""
"TapeTech","simple","72024","","TapeTech Pro Stainless Steel Hand Tool Set","Drywall Finishing Tools > TapeTech > Tool Sets & Kits",""
"TapeTech","simple","72025","","TapeTech Pro Blue Steel Hand Tool Set","Drywall Finishing Tools > TapeTech > Tool Sets & Kits",""
"TapeTech","simple","72026","","TapeTech ProMAXX Stainless Steel Hand Tool Set","Drywall Finishing Tools > TapeTech > Tool Sets & Kits",""
"TapeTech","simple","72027","","TapeTech ProMAXX Blue Steel Hand Tool Set","Drywall Finishing Tools > TapeTech > Tool Sets & Kits",""
"TapeTech","simple","72028","","TapeTech Starter Knife Set I","Drywall Finishing Tools > TapeTech > Tool Sets & Kits",""
"TapeTech","simple","72029","","TapeTech Premium Finishing Knife Set I","Drywall Finishing Tools > TapeTech > Tool Sets & Kits",""
"TapeTech","simple","72030","","TapeTech Starter Knife Set II","Drywall Finishing Tools > TapeTech > Tool Sets & Kits",""
"TapeTech","simple","72031","","TapeTech Premium Finishing Knife Set II","Drywall Finishing Tools > TapeTech > Tool Sets & Kits",""
"TapeTech","simple","72032","","TapeTech Finishing Knife Set III","Drywall Finishing Tools > TapeTech > Tool Sets & Kits",""
"TapeTech","simple","72033","","TapeTech Premium Finishing Knife Set III","Drywall Finishing Tools > TapeTech > Tool Sets & Kits",""
"TapeTech","simple","72034","","TapeTech Pro Finishing Knife Set","Drywall Finishing Tools > TapeTech > Tool Sets & Kits",""
"TapeTech","simple","72035","","TapeTech ProMAXX Finishing Knife Set","Drywall Finishing Tools > TapeTech > Tool Sets & Kits",""
"TapeTech","simple","72050","","TapeTech 14/18/24/32"" Finishing Knife Set","Drywall Finishing Tools > TapeTech > Tool Sets & Kits",""
"TapeTech","simple","72051","","TapeTech Finishing Knife Set II","Drywall Finishing Tools > TapeTech > Tool Sets & Kits",""
"TapeTech","simple","72052","","TapeTech 24"" Finishing Knife and 12"" Compound Roller Set w/ Support Handle/Adapter","Drywall Finishing Tools > TapeTech > Tool Sets & Kits",""
"TapeTech","simple","72053","","TapeTech Finishing Knife Set I","Drywall Finishing Tools > TapeTech > Tool Sets & Kits",""
"TapeTech","simple","72054","","TapeTech 32"" Finishing Knife and 12"" Compound Roller Set w/ Support Handle/Adapter","Drywall Finishing Tools > TapeTech > Tool Sets & Kits",""
"TapeTech","simple","72055","","TapeTech 24"" Premium Finishing Knife and 9"" Compound Roller Set w/ Support Handle/Adapter","Drywall Finishing Tools > TapeTech > Tool Sets & Kits",""
"TapeTech","simple","72060","","TapeTech 32"" Premium Finishing Knife and 9"" Compound Roller Kit w/ Support Handle/Adapter","Drywall Finishing Tools > TapeTech > Tool Sets & Kits",""
"TapeTech","simple","72066","","TapeTech Deluxe Finishing Knife Set","Drywall Finishing Tools > TapeTech > Tool Sets & Kits",""
"TapeTech","simple","72067","","TapeTech Semi - Auto Taping Tool Kit","Drywall Finishing Tools > TapeTech > Tool Sets & Kits",""
"TapeTech","simple","76TT-W-90T","","TapeTech EasyClean® Loading Pump with Box Filler","Drywall Finishing Tools > TapeTech > Mud Pans & Pumps",""
"TapeTech","simple","804254","","54 in TapeTech Connector Assembly","Drywall Finishing Tools > TapeTech > Parts",""
"TapeTech","simple","804272","","72"" Connector Assembly","Drywall Finishing Tools > TapeTech > Parts",""
"TapeTech","simple","889030","","4-40 X 3/16 Fillisterhead Screw","Drywall Finishing Tools > TapeTech > Parts",""
"TapeTech","simple","CA07-XHTT","","TapeTech 7"" Angle Box with Extendable XHTT Handle","Drywall Finishing Tools > TapeTech > Corner Tools",""
"TapeTech","simple","CA08TT-XHTT","","TapeTech 8"" Angle Box with XHTT Extendable Handle","Drywall Finishing Tools > TapeTech > Corner Tools",""
"TapeTech","simple","CTPMP","","TapeTech Bazooka Continuous Flow Pump","Drywall Finishing Tools > TapeTech > Mud Pans & Pumps",""
"TapeTech","simple","EBLADE06","","TapeTech 6″ Hot Knife Blade","Drywall Finishing Tools > TapeTech > Knives & Blades",""
"TapeTech","simple","EBLADE08","","TapeTech 8″ Hot Knife Blade","Drywall Finishing Tools > TapeTech > Knives & Blades",""
"TapeTech","simple","ESAND0614","","TapeTech 6″ x 14″ EIFSAND Rasp","Drywall Finishing Tools > TapeTech > Parts",""
"TapeTech","simple","FHTT-CAA-TT","","TapeTech Fiberglass Angle Box Handle (FHTT/CAA)","Drywall Finishing Tools > TapeTech > Corner Tools",""
"TapeTech","simple","FHTT-CFA","","TapeTech Fiberglass Angle Head Handle (FHTT/CFA)","Drywall Finishing Tools > TapeTech > Corner Tools",""
"TapeTech","simple","FHTT-NSA","","TapeTech Fiberglass Nail Spotter Handle (FHTT/NSA)","Drywall Finishing Tools > TapeTech > Nail Spotters",""
"TapeTech","simple","FHTT-PFKHATT","","TapeTech Premium Finishing Knife Fiberglass Handle","Drywall Finishing Tools > TapeTech > Knives & Blades",""
"TapeTech","simple","JS01","","TapeTech 6.5"" Carbon Steel Jab Saw","Drywall Finishing Tools > TapeTech > Knives & Blades",""
"TapeTech","simple","MT01","","TapeTech 9 - in - 1 Stainless Steel Multi - Tool","Drywall Finishing Tools > TapeTech > Knives & Blades",""
"TapeTech","simple","NS02-W-X1-HDL","","TapeTech 2"" Nail Spotter with X1 Extension Handle","Drywall Finishing Tools > TapeTech > Nail Spotters",""
"TapeTech","simple","PFB14","","TapeTech 14"" Replace Blade for Finishing Knife","Drywall Finishing Tools > TapeTech > Knives & Blades",""
"TapeTech","simple","PFB18","","TapeTech 18"" Replace Blade for Finishing Knife","Drywall Finishing Tools > TapeTech > Knives & Blades",""
"TapeTech","simple","PFB32","","TapeTech 32"" Replace Blade for Finishing Knife","Drywall Finishing Tools > TapeTech > Knives & Blades",""
"TapeTech","simple","PFB40","","TapeTech 40"" Replace Blade for Finishing Knife","Drywall Finishing Tools > TapeTech > Knives & Blades",""
"TapeTech","simple","PFB48","","TapeTech 48"" Replace Blade for Finishing Knife","Drywall Finishing Tools > TapeTech > Knives & Blades",""
"TapeTech","simple","TTFBC","","TapeTech 7"" & 10"" Flat Box Combo","Drywall Finishing Tools > TapeTech > Flat Boxes",""
"TapeTech","simple","TTFFS","","TapeTech Value Drywall Finishing Set","Drywall Finishing Tools > TapeTech > Tool Sets & Kits",""
"TapeTech","simple","TTFTFS","","TapeTech Value Full Drywall Taping & Finishing Set","Drywall Finishing Tools > TapeTech > Tool Sets & Kits",""
"TapeTech","simple","TTFULL2SET","","TapeTech Full Set ×2 – Contractor's Pack","Drywall Finishing Tools > TapeTech > Tool Sets & Kits",""
"TapeTech","simple","XHTT-CAA-TT","","TapeTech Extendable Angle Box Handle (XHTT/CAA)","Drywall Finishing Tools > TapeTech > Corner Tools",""
"TapeTech","simple","XHTT-CFA","","TapeTech Extendable Angle Head Handle (XHTT/CFA)","Drywall Finishing Tools > TapeTech > Corner Tools",""
"TapeTech","simple","XHTT-NSA","","TapeTech Extendable Nail Spotter Handle (XHTT/NSA)","Drywall Finishing Tools > TapeTech > Nail Spotters",""
"TapeTech","simple","XHTT-PFKHATT","","TapeTech Premium Finishing Knife Extendable Handle + Adapter","Drywall Finishing Tools > TapeTech > Knives & Blades",""
"TapeTech","variable","TT-ANGLE-BOX-WITH-FHTT-HANDLE","","TapeTech Corner Applicator with FHTT Fiberglass Handle","Drywall Finishing Tools > TapeTech > Corner Tools",""
"TapeTech","variable","TT-BASIC-FULL-SET-WITH-AND-BOXES","","TapeTech Basic Full Set with Boxes","Drywall Finishing Tools > TapeTech > Tool Sets & Kits",""
"TapeTech","variable","TT-COMBO-FLUSHER","","TapeTech Combo Corner Flusher","Drywall Finishing Tools > TapeTech > Corner Tools",""
"TapeTech","variable","TT-COMPOUND-ROLLER-WITH-FRAME","","TapeTech Premium Compound Roller with Frame","Drywall Finishing Tools > TapeTech > Corner Tools",""
"TapeTech","variable","TT-DIRECT-FLUSHER","","TapeTech Direct Corner Flusher","Drywall Finishing Tools > TapeTech > Corner Tools",""
"TapeTech","variable","TT-EASYCLEAN-NAIL-SPOTTER-W-FHTT-HANDLE","","TapeTech EasyClean® Nail Spotter with FHTT Fiberglass Handle","Drywall Finishing Tools > TapeTech > Nail Spotters",""
"TapeTech","variable","TT-FINISHING-KNIFE-WITH-HANDLE","","TapeTech Premium Finishing Knife with Support Handle/Adapter","Drywall Finishing Tools > TapeTech > Knives & Blades",""
"TapeTech","variation","72056","TT-FINISHING-KNIFE-WITH-HANDLE","TapeTech Premium Finishing Knife with Support Handle/Adapter - 24""","Drywall Finishing Tools > TapeTech > Knives & Blades",""
"TapeTech","variation","72061","TT-FINISHING-KNIFE-WITH-HANDLE","TapeTech Premium Finishing Knife with Support Handle/Adapter - 32""","Drywall Finishing Tools > TapeTech > Knives & Blades",""
"TapeTech","variation","8000TT-PA","TT-WIZARD-COMPACT-FLAT-BOX-HANDLE","TapeTech Wizard™ Compact Flat Box Handle - 8000TT-PA","Drywall Finishing Tools > TapeTech > Handles & Extensions",""
"TapeTech","variation","CA07-FHTT","TT-ANGLE-BOX-WITH-FHTT-HANDLE","TapeTech Corner Applicator with FHTT Fiberglass Handle - 7""","Drywall Finishing Tools > TapeTech > Corner Tools",""
"TapeTech","variation","CA08-FHTT","TT-ANGLE-BOX-WITH-FHTT-HANDLE","TapeTech Corner Applicator with FHTT Fiberglass Handle - 8""","Drywall Finishing Tools > TapeTech > Corner Tools",""
"TapeTech","variation","CF25COMBO","TT-COMBO-FLUSHER","TapeTech Combo Corner Flusher - 2.5""","Drywall Finishing Tools > TapeTech > Corner Tools",""
"TapeTech","variation","CF25TT","TT-DIRECT-FLUSHER","TapeTech Direct Corner Flusher - 2.5""","Drywall Finishing Tools > TapeTech > Corner Tools",""
"TapeTech","variation","CF30COMBO","TT-COMBO-FLUSHER","TapeTech Combo Corner Flusher - 3""","Drywall Finishing Tools > TapeTech > Corner Tools",""
"TapeTech","variation","CF30TT","TT-DIRECT-FLUSHER","TapeTech Direct Corner Flusher - 3""","Drywall Finishing Tools > TapeTech > Corner Tools",""
"TapeTech","variation","CF35COMBO","TT-COMBO-FLUSHER","TapeTech Combo Corner Flusher - 3.5""","Drywall Finishing Tools > TapeTech > Corner Tools",""
"TapeTech","variation","CF35TT","TT-DIRECT-FLUSHER","TapeTech Direct Corner Flusher - 3.5""","Drywall Finishing Tools > TapeTech > Corner Tools",""
"TapeTech","variation","CF40COMBO","TT-COMBO-FLUSHER","TapeTech Combo Corner Flusher - 4""","Drywall Finishing Tools > TapeTech > Corner Tools",""
"TapeTech","variation","CF40TT","TT-DIRECT-FLUSHER","TapeTech Direct Corner Flusher - 4""","Drywall Finishing Tools > TapeTech > Corner Tools",""
"TapeTech","variation","CROLL04CG","TT-COMPOUND-ROLLER-WITH-FRAME","TapeTech Premium Compound Roller with Frame - 4""","Drywall Finishing Tools > TapeTech > Corner Tools",""
"TapeTech","variation","CROLL09CG","TT-COMPOUND-ROLLER-WITH-FRAME","TapeTech Premium Compound Roller with Frame - 9""","Drywall Finishing Tools > TapeTech > Corner Tools",""
"TapeTech","variation","CROLL12CG","TT-COMPOUND-ROLLER-WITH-FRAME","TapeTech Premium Compound Roller with Frame - 12""","Drywall Finishing Tools > TapeTech > Corner Tools",""
"TapeTech","variation","NS02-FHTT","TT-EASYCLEAN-NAIL-SPOTTER-W-FHTT-HANDLE","TapeTech EasyClean® Nail Spotter with FHTT Fiberglass Handle - 2""","Drywall Finishing Tools > TapeTech > Nail Spotters",""
"TapeTech","variation","NS03-FHTT","TT-EASYCLEAN-NAIL-SPOTTER-W-FHTT-HANDLE","TapeTech EasyClean® Nail Spotter with FHTT Fiberglass Handle - 3""","Drywall Finishing Tools > TapeTech > Nail Spotters",""
"TapeTech","variation","TG140565-PSCU","TT-X-PREMIUM-GOLD-STAINLESS-STEEL-CURVED-FINISHING","TapeTech X Premium Gold Stainless Steel Curved Finishing Trowel - 14""","Drywall Finishing Tools > TapeTech > Knives & Blades",""
"TapeTech","variation","TT-FULL-10-12","TT-BASIC-FULL-SET-WITH-AND-BOXES","TapeTech Basic Full Set with Boxes - 10""","Drywall Finishing Tools > TapeTech > Tool Sets & Kits",""
"TapeTech","variation","TT-FULL-7-10","TT-BASIC-FULL-SET-WITH-AND-BOXES","TapeTech Basic Full Set with Boxes - 7""","Drywall Finishing Tools > TapeTech > Tool Sets & Kits",""
