old_file_name,new_file_name
asgard-AH25-AD-01.webp,asgard-AH25-AD-01.webp
asgard-AH30-AD-01.webp,asgard-AH25-AD-01.webp
asgard-AH35-AD-01.webp,asgard-AH25-AD-01.webp
asgard-AT01-AD-01.webp,asgard-AH25-AD-01.webp
asgard-BBH-AD-01.webp,asgard-AH25-AD-01.webp
asgard-BBHE-AD-01.webp,asgard-AH25-AD-01.webp
asgard-CA08-AD-01.webp,asgard-AH25-AD-01.webp
asgard-FH-AD-01.webp,asgard-AH25-AD-01.webp
asgard-XH-AD-01.webp,asgard-AH25-AD-01.webp
asgard-CFA-AD-01.webp,asgard-AH25-AD-01.webp
asgard-CR01-AD-01.webp,asgard-AH25-AD-01.webp
asgard-FH-AD-01.webp,asgard-AH25-AD-01.webp
asgard-XH-AD-01.webp,asgard-AH25-AD-01.webp
asgard-EHC07-AD-01.webp,asgard-AH25-AD-01.webp
asgard-EHC10-AD-01.webp,asgard-AH25-AD-01.webp
asgard-EHC12-AD-01.webp,asgard-AH25-AD-01.webp
asgard-EZ07-AD-01.webp,asgard-AH25-AD-01.webp
asgard-EZ10-AD-01.webp,asgard-AH25-AD-01.webp
asgard-EZ12-AD-01.webp,asgard-AH25-AD-01.webp
asgard-FA01-AD-01.webp,asgard-AH25-AD-01.webp
asgard-FBHE-AD-01.webp,asgard-AH25-AD-01.webp
asgard-FH-AD-01.webp,asgard-AH25-AD-01.webp
asgard-GN01-AD-01.webp,asgard-AH25-AD-01.webp
asgard-LP01-AD-01.webp,asgard-AH25-AD-01.webp
asgard-NS03-AD-01.webp,asgard-AH25-AD-01.webp
asgard-PA07-AD-01.webp,asgard-AH25-AD-01.webp
asgard-PA10-AD-01.webp,asgard-AH25-AD-01.webp
asgard-PA12-AD-01.webp,asgard-AH25-AD-01.webp
asgard-XH-AD-01.webp,asgard-AH25-AD-01.webp
columbia-5AH-02.webp,columbia-5AH-02.webp
columbia-AHA-02.webp,columbia-AHA-02.webp
columbia-CC-RK-01.webp,columbia-CC-RK-01.webp
columbia-CFB15-02.webp,columbia-CFB15-02.webp
columbia-CFB16-02.webp,columbia-CFB16-02.webp
columbia-CFB5B-02.webp,columbia-CFB5B-02.webp
columbia-CFB6-02.webp,columbia-CFB6-02.webp
columbia-CFB8-02.webp,columbia-CFB8-02.webp
columbia-CPTA87-CL-01.webp,columbia-CPTA87-CL-01.webp
columbia-CT103-02.webp,columbia-CT103-02.webp
columbia-CT105-02.webp,columbia-CT105-02.webp
columbia-CT107-02.webp,columbia-CT107-02.webp
columbia-CT109-02.webp,columbia-CT109-02.webp
columbia-CT10A-02.webp,columbia-CT10A-02.webp
columbia-CT111-02.webp,columbia-CT111-02.webp
columbia-CT112-02.webp,columbia-CT112-02.webp
columbia-CT115-02.webp,columbia-CT115-02.webp
columbia-CT116A-02.webp,columbia-CT116A-02.webp
columbia-CT119-02.webp,columbia-CT119-02.webp
columbia-CT120-02.webp,columbia-CT120-02.webp
columbia-CT125-02.webp,columbia-CT125-02.webp
columbia-CT125A-02.webp,columbia-CT125A-02.webp
columbia-CT127-02.webp,columbia-CT127-02.webp
columbia-CT130-02.webp,columbia-CT130-02.webp
columbia-CT14A-02.webp,columbia-CT14A-02.webp
columbia-CT19-02.webp,columbia-CT19-02.webp
columbia-CT2-02.webp,columbia-CT2-02.webp
columbia-CT20-02.webp,columbia-CT20-02.webp
columbia-CT25-02.webp,columbia-CT25-02.webp
columbia-CT27-02.webp,columbia-CT27-02.webp
columbia-CT28-02.webp,columbia-CT28-02.webp
columbia-CT29-02.webp,columbia-CT29-02.webp
columbia-CT29A-03.webp,columbia-CT29A-03.webp
columbia-CT31-03.webp,columbia-CT31-03.webp
columbia-CT35-03.webp,columbia-CT35-03.webp
columbia-CT36-02.webp,columbia-CT36-02.webp
columbia-CT41-02.webp,columbia-CT41-02.webp
columbia-CT43-02.webp,columbia-CT43-02.webp
columbia-CT45-02.webp,columbia-CT45-02.webp
columbia-CT47-02.webp,columbia-CT47-02.webp
columbia-CT5-14.webp,columbia-CT5-14.webp
columbia-CT50-02.webp,columbia-CT50-02.webp
columbia-CT53-02.webp,columbia-CT53-02.webp
columbia-CT57-02.webp,columbia-CT57-02.webp
columbia-CT58-02.webp,columbia-CT58-02.webp
columbia-CT64-02.webp,columbia-CT64-02.webp
columbia-CT65-02.webp,columbia-CT65-02.webp
columbia-CT67-02.webp,columbia-CT67-02.webp
columbia-CT68-02.webp,columbia-CT68-02.webp
columbia-CT6A-02.webp,columbia-CT6A-02.webp
columbia-CT71-02.webp,columbia-CT71-02.webp
columbia-CT73-02.webp,columbia-CT73-02.webp
columbia-CT77-02.webp,columbia-CT77-02.webp
columbia-CT78-02.webp,columbia-CT78-02.webp
columbia-CT79-02.webp,columbia-CT79-02.webp
columbia-CT7A-02.webp,columbia-CT7A-02.webp
columbia-CT81-02.webp,columbia-CT81-02.webp
columbia-CT85-02.webp,columbia-CT85-02.webp
columbia-CT86-02.webp,columbia-CT86-02.webp
columbia-CT87-CS-01.webp,columbia-CT87-CS-01.webp
columbia-CT87A-02.webp,columbia-CT87A-02.webp
columbia-CT88-02.webp,columbia-CT88-02.webp
columbia-CT89-02.webp,columbia-CT89-02.webp
columbia-CT92-02.webp,columbia-CT92-02.webp
columbia-CT92A-02.webp,columbia-CT92A-02.webp
columbia-CT96-02.webp,columbia-CT96-02.webp
columbia-CT97-02.webp,columbia-CT97-02.webp
columbia-CT98-02.webp,columbia-CT98-02.webp
columbia-CTA107-02.webp,columbia-CTA107-02.webp
columbia-CTA87-CL-01.webp,columbia-CPTA87-CL-01.webp
columbia-FA208-02.webp,columbia-FA208-02.webp
columbia-FA215-02.webp,columbia-FA215-02.webp
columbia-FA220-02.webp,columbia-FA220-02.webp
columbia-FA224-02.webp,columbia-FA224-02.webp
columbia-FA225-02.webp,columbia-FA225-02.webp
columbia-FA231-02.webp,columbia-FA231-02.webp
columbia-FA232-02.webp,columbia-FA232-02.webp
columbia-FA234-02.webp,columbia-FA234-02.webp
columbia-FA245-02.webp,columbia-FA245-02.webp
columbia-FA247-03.webp,columbia-FA247-03.webp
columbia-FA252-02.webp,columbia-FA252-02.webp
columbia-FA253-02.webp,columbia-FA253-02.webp
columbia-FA256-02.webp,columbia-FA256-02.webp
columbia-FA261-02.webp,columbia-FA261-02.webp
columbia-FA262-02.webp,columbia-FA262-02.webp
columbia-FA267-02.webp,columbia-FA267-02.webp
columbia-FA268-02.webp,columbia-FA268-02.webp
columbia-FA270-02.webp,columbia-FA270-02.webp
columbia-FA273-02.webp,columbia-FA273-02.webp
columbia-FA274-02.webp,columbia-FA274-02.webp
columbia-FA275-02.webp,columbia-FA275-02.webp
columbia-FA276-02.webp,columbia-FA276-02.webp
columbia-FA280-02.webp,columbia-FA280-02.webp
columbia-FA292-02.webp,columbia-FA292-02.webp
columbia-FA294-02.webp,columbia-FA294-02.webp
columbia-FA295-02.webp,columbia-FA295-02.webp
columbia-FA296-02.webp,columbia-FA296-02.webp
columbia-FA298-02.webp,columbia-FA298-02.webp
columbia-FA300-02.webp,columbia-FA300-02.webp
columbia-FA302-02.webp,columbia-FA302-02.webp
columbia-FA305-02.webp,columbia-FA305-02.webp
columbia-FA306-02.webp,columbia-FA306-02.webp
columbia-FA308-02.webp,columbia-FA308-02.webp
columbia-FA312-02.webp,columbia-FA312-02.webp
columbia-FA379-02.webp,columbia-FA379-02.webp
columbia-FA380-02.webp,columbia-FA380-02.webp
columbia-FFB17-02.webp,columbia-FFB17-02.webp
columbia-FLAT-BOX-HANDLE-01.webp,columbia-FLAT-BOX-HANDLE-01.webp
columbia-G-C-01.webp,columbia-AHA-02.webp
columbia-G-C-02.webp,columbia-G-C-02.webp
columbia-G-C-03.webp,columbia-G-C-03.webp
columbia-G-C-04.webp,columbia-G-C-04.webp
columbia-G-C-05.webp,columbia-G-C-05.webp
columbia-G-C-06.webp,columbia-G-C-06.webp
columbia-G-C-07.webp,columbia-G-C-07.webp
columbia-G-C-08.webp,columbia-G-C-08.webp
columbia-G-C-09.webp,columbia-G-C-09.webp
columbia-G-C-10.webp,columbia-G-C-10.webp
columbia-GROOVED-MUD-HEADS-01.webp,columbia-GROOVED-MUD-HEADS-01.webp
columbia-ITC-K-01.webp,columbia-ITC-K-01.webp
columbia-ITC-K-05.webp,columbia-G-C-03.webp
columbia-ITC-K-05.webp,columbia-G-C-05.webp
columbia-K-02.webp,columbia-ITC-K-01.webp
columbia-K-03.webp,columbia-ITC-K-01.webp
columbia-S-C-C-01.webp,columbia-AHA-02.webp
columbia-S-C-C-02.webp,columbia-G-C-02.webp
columbia-S-C-C-03.webp,columbia-AHA-02.webp
graco-2000PI-5000PI-17J421-01.webp,graco-2000PI-5000PI-17J421-01.webp
graco-2000PI-5000PI-17J421-02.webp,graco-2000PI-5000PI-17J421-02.webp
graco-2000PI-5000PI-17J421-03.webp,graco-2000PI-5000PI-17J421-03.webp
platinum-PT-10FB-01.webp,platinum-PT-10FB-01.webp
platinum-PT-10FB-02.webp,platinum-PT-10FB-02.webp
platinum-PT-10FB-05.webp,platinum-PT-10FB-05.webp
platinum-PT-10FB-05.webp,platinum-PT-10FB-05.webp
platinum-PT-14FB-01.webp,platinum-PT-14FB-01.webp
platinum-PT-14FB-02.webp,platinum-PT-14FB-02.webp
platinum-PT-14FB-03.webp,platinum-PT-14FB-03.webp
platinum-PT-2NS-01.webp,platinum-PT-2NS-01.webp
platinum-PT-2NS-02.webp,platinum-PT-2NS-02.webp
platinum-PT-2NS-03.webp,platinum-PT-2NS-03.webp
platinum-PT-2NS-04.webp,platinum-PT-2NS-04.webp
platinum-PT-3CF-01.webp,platinum-PT-3CF-01.webp
platinum-PT-3CF-02.webp,platinum-PT-3CF-02.webp
platinum-PT-3CF-03.webp,platinum-PT-3CF-03.webp
platinum-PT-3CF-04.webp,platinum-PT-3CF-04.webp
platinum-PT-8FB-01.webp,platinum-PT-8FB-01.webp
platinum-PT-8FB-02.webp,platinum-PT-8FB-02.webp
platinum-PT-8FB-03.webp,platinum-PT-8FB-03.webp
platinum-PT-AICA-01.webp,platinum-PT-AICA-01.webp
platinum-PT-AICA-02.webp,platinum-PT-AICA-02.webp
platinum-PT-AICA-03.webp,platinum-PT-AICA-03.webp
platinum-PT-BF-01.webp,platinum-PT-BF-01.webp
platinum-PT-BH34-01.webp,platinum-PT-BH34-01.webp
platinum-PT-BH34-02.webp,platinum-PT-BH34-02.webp
platinum-PT-BH42-01.webp,platinum-PT-BH42-01.webp
platinum-PT-BH54-01.webp,platinum-PT-BH54-01.webp
platinum-PT-BH54-02.webp,platinum-PT-BH54-02.webp
platinum-PT-BH54-03.webp,platinum-PT-BH54-03.webp
platinum-PT-CA8-01.webp,platinum-PT-CA8-01.webp
platinum-PT-CA8-02.webp,platinum-PT-CA8-02.webp
platinum-PT-CA8-03.webp,platinum-PT-CA8-03.webp
platinum-PT-CA8-04.webp,platinum-PT-CA8-04.webp
platinum-PT-CAH50-01.webp,platinum-PT-CAH50-01.webp
platinum-PT-CF2-5-01.webp,platinum-PT-CF2-5-01.webp
platinum-PT-CF2-5-02.webp,platinum-PT-CF2-5-02.webp
platinum-PT-CF2-5-03.webp,platinum-PT-CF2-5-03.webp
platinum-PT-CF2-5-04.webp,platinum-PT-CF2-5-04.webp
platinum-PT-CF2-5-05.webp,platinum-PT-CF2-5-05.webp
platinum-PT-CF3-5-01.webp,platinum-PT-CF3-5-01.webp
platinum-PT-CF3-5-02.webp,platinum-PT-CF3-5-02.webp
platinum-PT-CF3-5-03.webp,platinum-PT-CF3-5-03.webp
platinum-PT-CF3-5-04.webp,platinum-PT-CF3-5-04.webp
platinum-PT-CF3-5-05.webp,platinum-PT-CF3-5-05.webp
platinum-PT-CFH50-01.webp,platinum-PT-CFH50-01.webp
platinum-PT-CFH50-02.webp,platinum-PT-CFH50-02.webp
platinum-PT-CP-01.webp,platinum-PT-CP-01.webp
platinum-PT-CP-02.webp,platinum-PT-CP-02.webp
platinum-PT-CR-01.webp,platinum-PT-CR-01.webp
platinum-PT-CR-02.webp,platinum-PT-CR-02.webp
platinum-PT-CR-03.webp,platinum-PT-CR-03.webp
platinum-PT-CR-04.webp,platinum-PT-CR-04.webp
platinum-PT-CRE-01.webp,platinum-PT-CRE-01.webp
platinum-PT-CRE-02.webp,platinum-PT-CRE-02.webp
platinum-PT-CRE-03.webp,platinum-PT-CRE-03.webp
platinum-PT-CRE-04.webp,platinum-PT-CRE-04.webp
platinum-PT-CRH50-01.webp,platinum-PT-CRH50-01.webp
platinum-PT-CRH50-02.webp,platinum-PT-CRH50-02.webp
platinum-PT-CT24-01.webp,platinum-PT-CT24-01.webp
platinum-PT-CT24-02.webp,platinum-PT-CT24-02.webp
platinum-PT-CT24-03.webp,platinum-PT-CT24-03.webp
platinum-PT-CT36-01.webp,platinum-PT-CT36-01.webp
platinum-PT-CT36-02.webp,platinum-PT-CT36-02.webp
platinum-PT-CT36-03.webp,platinum-PT-CT36-03.webp
platinum-PT-CT42-02.webp,platinum-PT-CT42-02.webp
platinum-PT-EBH-01.webp,platinum-PT-EBH-01.webp
platinum-PT-EBH-02.webp,platinum-PT-EBH-02.webp
platinum-PT-EXT3IN1-1-01.webp,platinum-PT-EXT3IN1-1-01.webp
platinum-PT-EXT3IN1-1-02.webp,platinum-PT-EXT3IN1-1-02.webp
platinum-PT-EXT3IN1-1-03.webp,platinum-PT-EXT3IN1-1-03.webp
platinum-PT-FA-01.webp,platinum-PT-FA-01.webp
platinum-PT-FA-02.webp,platinum-PT-FA-02.webp
platinum-PT-FA-03.webp,platinum-PT-FA-03.webp
platinum-PT-FB12-01.webp,platinum-PT-FB12-01.webp
platinum-PT-FB12-02.webp,platinum-PT-FB12-02.webp
platinum-PT-FB12-03.webp,platinum-PT-FB12-03.webp
platinum-PT-FB12-04.webp,platinum-PT-FB12-04.webp
platinum-PT-FIN-01.webp,platinum-PT-FIN-01.webp
platinum-PT-ICA-01.webp,platinum-PT-ICA-01.webp
platinum-PT-ICA-02.webp,platinum-PT-ICA-02.webp
platinum-PT-ICA-03.webp,platinum-PT-ICA-03.webp
platinum-PT-MNBH-01.webp,platinum-PT-MNBH-01.webp
platinum-PT-MNBH-02.webp,platinum-PT-MNBH-02.webp
platinum-PT-MNBH-03.webp,platinum-PT-MNBH-03.webp
platinum-PT-OCA-01.webp,platinum-PT-OCA-01.webp
platinum-PT-OCA-02.webp,platinum-PT-OCA-02.webp
platinum-PT-OCA-03.webp,platinum-PT-OCA-03.webp
platinum-PT-OCA-04.webp,platinum-PT-OCA-04.webp
platinum-PT-OCR-01.webp,platinum-PT-OCR-01.webp
platinum-PT-OCR-02.webp,platinum-PT-OCR-02.webp
platinum-PT-OCR-03.webp,platinum-PT-OCR-03.webp
platinum-PT-TP-01.webp,platinum-PT-TP-01.webp
platinum-PT-TP-02.webp,platinum-PT-TP-02.webp
platinum-PT-TP-03.webp,platinum-PT-TP-03.webp
tapetech-07TT-052404B-01.webp,tapetech-07TT-052404B-01.webp
tapetech-07TT-052404B-02.webp,tapetech-07TT-052404B-02.webp
tapetech-07TT-052404B-03.webp,tapetech-07TT-052404B-03.webp
tapetech-07TT-052404B-04.webp,tapetech-07TT-052404B-04.webp
tapetech-07TT-052404B-05.webp,tapetech-07TT-052404B-05.webp
tapetech-07TT-052415A-01.webp,tapetech-07TT-052415A-01.webp
tapetech-07TT-052415A-02.webp,tapetech-07TT-052415A-02.webp
tapetech-07TT-052415A-03.webp,tapetech-07TT-052415A-03.webp
tapetech-07TT-C-01.webp,tapetech-07TT-C-01.webp
tapetech-07TT-C-02.webp,tapetech-07TT-C-02.webp
tapetech-07TT-C-03.webp,tapetech-07TT-C-01.webp
tapetech-07TT-C-04.webp,tapetech-07TT-C-04.webp
tapetech-07TT-C-05.webp,tapetech-07TT-C-02.webp
tapetech-07TT-C-06.webp,tapetech-07TT-C-06.webp
tapetech-07TT-C-07.webp,tapetech-07TT-C-07.webp
tapetech-07TT-C-08.webp,tapetech-07TT-C-08.webp
tapetech-07TT-C-09.webp,tapetech-07TT-C-04.webp
tapetech-07TT-C-10.webp,tapetech-07TT-C-10.webp
tapetech-07TT-C-11.webp,tapetech-07TT-C-11.webp
tapetech-07TT-C-12.webp,tapetech-07TT-C-07.webp
tapetech-07TT-C-13.webp,tapetech-07TT-C-08.webp
tapetech-07TT-C-14.webp,tapetech-07TT-C-14.webp
tapetech-07TT-C-15.webp,tapetech-07TT-C-15.webp
tapetech-07TT-C-16.webp,tapetech-07TT-C-16.webp
tapetech-07TT-C-17.webp,tapetech-07TT-C-17.webp
tapetech-07TT-C-18.webp,tapetech-07TT-C-18.webp
tapetech-10355-01.webp,tapetech-10355-01.webp
tapetech-120V-EIFSAND120-002.webp,tapetech-120V-EIFSAND120-002.webp
tapetech-120V-EIFSAND120-003.webp,tapetech-120V-EIFSAND120-003.webp
tapetech-120V-EIFSAND120-004.webp,tapetech-120V-EIFSAND120-004.webp
tapetech-120V-EIFSAND120-01.webp,tapetech-120V-EIFSAND120-01.webp
tapetech-15PK-TAPETECHESANDSHEET1204-01.webp,tapetech-15PK-TAPETECHESANDSHEET1204-01.webp
tapetech-15PK-TAPETECHESANDSHEET1206-01.webp,tapetech-15PK-TAPETECHESANDSHEET1206-01.webp
tapetech-15PK-TAPETECHESANDSHEET1208-01.webp,tapetech-15PK-TAPETECHESANDSHEET1208-01.webp
tapetech-15TTE-11.webp,tapetech-15TTE-11.webp
tapetech-15TTE-07.webp,tapetech-15TTE-07.webp
tapetech-15TTE-08.webp,tapetech-15TTE-08.webp
tapetech-15TTE-09.webp,tapetech-15TTE-09.webp
tapetech-15TTE-10.webp,tapetech-15TTE-10.webp
tapetech-15TTE-11.webp,tapetech-15TTE-11.webp
tapetech-15TTE-XHTT-01.webp,tapetech-15TTE-XHTT-01.webp
tapetech-16TT-08.webp,tapetech-16TT-08.webp
tapetech-16TT-09.webp,tapetech-16TT-09.webp
tapetech-16TT-07.webp,tapetech-16TT-07.webp
tapetech-16TT-08.webp,tapetech-16TT-08.webp
tapetech-16TT-09.webp,tapetech-16TT-09.webp
tapetech-16TT-10.webp,tapetech-16TT-10.webp
tapetech-209755-01.webp,tapetech-209755-01.webp
tapetech-209755-02.webp,tapetech-209755-02.webp
tapetech-219092-01.webp,tapetech-219092-01.webp
tapetech-219092-02.webp,tapetech-219092-02.webp
tapetech-24CT-TAPETECHDUALANGLESANDINGSPONGESSDAF-01.webp,tapetech-24CT-TAPETECHDUALANGLESANDINGSPONGESSDAF-01.webp
tapetech-24CT-TAPETECHDUALANGLESANDINGSPONGESSDAM-01.webp,tapetech-24CT-TAPETECHDUALANGLESANDINGSPONGESSDAM-01.webp
tapetech-24CT-TAPETECHDUALANGLESANDINGSPONGESSDAMF-01.webp,tapetech-24CT-TAPETECHDUALANGLESANDINGSPONGESSDAMF-01.webp
tapetech-24CT-TAPETECHSINGLEANGLESANDINGSPONGESSSAF-01.webp,tapetech-24CT-TAPETECHSINGLEANGLESANDINGSPONGESSSAF-01.webp
tapetech-31-64-489022-01.webp,tapetech-31-64-489022-01.webp
tapetech-4-5-6-carbon-steel-joint-knife-kit-tapetech-4-5-6-carbon-steel-join-01.webp,tapetech-4-5-6-carbon-steel-joint-knife-kit-tapetech-4-5-6-carbon-steel-join-01.webp
tapetech-40XTT-05.webp,tapetech-40XTT-05.webp
tapetech-40XTT-06.webp,tapetech-40XTT-06.webp
tapetech-40XTT-07.webp,tapetech-40XTT-07.webp
tapetech-40XTT-08.webp,tapetech-40XTT-08.webp
tapetech-420009-01.webp,tapetech-420009-01.webp
tapetech-420009-02.webp,tapetech-420009-02.webp
tapetech-42TT-05.webp,tapetech-42TT-05.webp
tapetech-42TT-06.webp,tapetech-42TT-06.webp
tapetech-42TT-07.webp,tapetech-42TT-07.webp
tapetech-42TT-08.webp,tapetech-42TT-08.webp
tapetech-48TT-07.webp,tapetech-48TT-07.webp
tapetech-48TT-06.webp,tapetech-48TT-06.webp
tapetech-48TT-07.webp,tapetech-48TT-07.webp
tapetech-48XTT-06.webp,tapetech-48XTT-06.webp
tapetech-48XTT-07.webp,tapetech-48XTT-07.webp
tapetech-48XTT-08.webp,tapetech-48XTT-08.webp
tapetech-48XTT-09.webp,tapetech-48XTT-09.webp
tapetech-501A-AUTOMATICTAPERFIELDMAINTENANCEKIT501A-01.webp,tapetech-501A-AUTOMATICTAPERFIELDMAINTENANCEKIT501A-01.webp
tapetech-501C10-TAPETECH10INFLATBOXREPAIRKIT501C10-01.webp,tapetech-501C10-TAPETECH10INFLATBOXREPAIRKIT501C10-01.webp
tapetech-501C12-TAPETECH12INFLATBOXREPAIRKIT501C10-01.webp,tapetech-501C12-TAPETECH12INFLATBOXREPAIRKIT501C10-01.webp
tapetech-501C15-TAPETECH15INFLATBOXREPAIRKIT-01.webp,tapetech-501C15-TAPETECH15INFLATBOXREPAIRKIT-01.webp
tapetech-501C7-TAPETECH7INFLATBOXREPAIRKIT501C7-01.webp,tapetech-501C7-TAPETECH7INFLATBOXREPAIRKIT501C7-01.webp
tapetech-501F25A-TAPETECH25INANGLEHEADKIT501F25A-01.webp,tapetech-501F25A-TAPETECH25INANGLEHEADKIT501F25A-01.webp
tapetech-501F2A-TAPETECH2INANGLEHEADREPAIRKIT501F2A-01.webp,tapetech-501F2A-TAPETECH2INANGLEHEADREPAIRKIT501F2A-01.webp
tapetech-501F3A-TAPETECH3INANGLEHEADREPAIRKIT501F3A-01.webp,tapetech-501F3A-TAPETECH3INANGLEHEADREPAIRKIT501F3A-01.webp
tapetech-501F4A-TAPETECH3INEASYROLLANGLEHEADKIT501F4A-01.webp,tapetech-501F4A-TAPETECH3INEASYROLLANGLEHEADKIT501F4A-01.webp
tapetech-502A-TAPETECHTAPERREBUILDKIT502A-01.webp,tapetech-502A-TAPETECHTAPERREBUILDKIT502A-01.webp
tapetech-502CN-TAPETECHBOXWHEELREPAIRKIT502CN-01.webp,tapetech-502CN-TAPETECHBOXWHEELREPAIRKIT502CN-01.webp
tapetech-502F2-TAPETECH2INANGLEHEADBLADEKIT502F2-01.webp,tapetech-502F2-TAPETECH2INANGLEHEADBLADEKIT502F2-01.webp
tapetech-502F3-TAPETECH3INANGLEHEADBLADEKIT502F3-01.webp,tapetech-502F3-TAPETECH3INANGLEHEADBLADEKIT502F3-01.webp
tapetech-502F4-TAPETECH3INEASYROLLANGLEHEADBLADEKIT502F4-01.webp,tapetech-502F4-TAPETECH3INEASYROLLANGLEHEADBLADEKIT502F4-01.webp
tapetech-502H-502H-01.webp,tapetech-502H-502H-01.webp
tapetech-50PK-VNWC1616-50-01.webp,tapetech-50PK-VNWC1616-50-01.webp
tapetech-50PK-VNWC1616-50-02.webp,tapetech-50PK-VNWC1616-50-02.webp
tapetech-59020-01.webp,tapetech-59020-01.webp
tapetech-59020-02.webp,tapetech-59020-02.webp
tapetech-609050-01.webp,tapetech-609050-01.webp
tapetech-609050-02.webp,tapetech-609050-02.webp
tapetech-634028-01.webp,tapetech-634028-01.webp
tapetech-634028-02.webp,tapetech-634028-02.webp
tapetech-684028-01.webp,tapetech-684028-01.webp
tapetech-684028-02.webp,tapetech-684028-02.webp
tapetech-6PK-TAPETECHEDISCAO40-002.webp,tapetech-6PK-TAPETECHEDISCAO40-002.webp
tapetech-6PK-TAPETECHEDISCAO40-01.webp,tapetech-6PK-TAPETECHEDISCAO40-01.webp
tapetech-6PK-TAPETECHEDISCAO60-002.webp,tapetech-6PK-TAPETECHEDISCAO60-002.webp
tapetech-6PK-TAPETECHEDISCAO60-01.webp,tapetech-6PK-TAPETECHEDISCAO60-01.webp
tapetech-7Y-EGUIDE02-01.webp,tapetech-7Y-EGUIDE02-01.webp
tapetech-8000TT-PA-01.webp,tapetech-8000TT-PA-01.webp
tapetech-8000TT-PA-02.webp,tapetech-8000TT-PA-02.webp
tapetech-90T-05.webp,tapetech-90T-05.webp
tapetech-90T-06.webp,tapetech-90T-06.webp
tapetech-90T-05.webp,tapetech-90T-05.webp
tapetech-90T-06.webp,tapetech-90T-06.webp
tapetech-AT01-AUTOMATICTAPERREPAIRKITFOR07TT-01.webp,tapetech-AT01-AUTOMATICTAPERREPAIRKITFOR07TT-01.webp
tapetech-AT02-TAPETECHTAPERREBUILDKITPKAT02-01.webp,tapetech-AT02-TAPETECHTAPERREBUILDKITPKAT02-01.webp
tapetech-BAN001-TT-002.webp,tapetech-BAN001-TT-002.webp
tapetech-BAN001-TT-004.webp,tapetech-BAN001-TT-004.webp
tapetech-BAN001-TT-004.webp,tapetech-BAN001-TT-004.webp
tapetech-BAN001-TT-01.webp,tapetech-BAN001-TT-01.webp
tapetech-BAN001-TT-004.webp,tapetech-BAN001-TT-004.webp
tapetech-BAN001-TT-03.webp,tapetech-BAN001-TT-03.webp
tapetech-BAN001-TT-04.webp,tapetech-BAN001-TT-04.webp
tapetech-BAN001-TT-05.webp,tapetech-BAN001-TT-05.webp
tapetech-BAN001-TT-06.webp,tapetech-BAN001-TT-06.webp
tapetech-BAN001-TT-07.webp,tapetech-BAN001-TT-07.webp
tapetech-BAN001-TT-08.webp,tapetech-BAN001-TT-08.webp
tapetech-BAN001-TT-09.webp,tapetech-BAN001-TT-09.webp
tapetech-BAN001-TT-10.webp,tapetech-BAN001-TT-10.webp
tapetech-BAN001-TT-11.webp,tapetech-BAN001-TT-11.webp
tapetech-BAN001-TT-12.webp,tapetech-BAN001-TT-12.webp
tapetech-BAN001-TT-13.webp,tapetech-BAN001-TT-13.webp
tapetech-BAN001-TT-14.webp,tapetech-BAN001-TT-14.webp
tapetech-BAN001-TT-15.webp,tapetech-BAN001-TT-01.webp
tapetech-BHE-SW-002.webp,tapetech-BHE-SW-002.webp
tapetech-BHE-SW-004.webp,tapetech-BHE-SW-004.webp
tapetech-BHE-SW-004.webp,tapetech-BHE-SW-004.webp
tapetech-BHE-SW-03.webp,tapetech-BHE-SW-03.webp
tapetech-BHE-SW-04.webp,tapetech-BHE-SW-04.webp
tapetech-BHE-SW-01.webp,tapetech-BHE-SW-01.webp
tapetech-BHE-SW-004.webp,tapetech-BHE-SW-01.webp
tapetech-BHE-SW-03.webp,tapetech-BHE-SW-03.webp
tapetech-BHE-SW-04.webp,tapetech-BHE-SW-04.webp
tapetech-BHE-SW-05.webp,tapetech-BHE-SW-05.webp
tapetech-BHE-SW-06.webp,tapetech-BHE-SW-06.webp
tapetech-BHE-SW-07.webp,tapetech-BHE-SW-07.webp
tapetech-BHE-SW-08.webp,tapetech-BHE-SW-08.webp
tapetech-CA07-FHTT-01.webp,tapetech-CA07-FHTT-01.webp
tapetech-CA07-XHTT-01.webp,tapetech-15TTE-XHTT-01.webp
tapetech-CA07TT-07.webp,tapetech-CA07TT-07.webp
tapetech-CA07TT-08.webp,tapetech-CA07TT-08.webp
tapetech-CA07TT-09.webp,tapetech-CA07TT-09.webp
tapetech-CA07TT-10.webp,tapetech-CA07TT-10.webp
tapetech-CA08-FHTT-004.webp,tapetech-BAN001-TT-004.webp
tapetech-CA08-FHTT-004.webp,tapetech-BAN001-TT-05.webp
tapetech-CA08-FHTT-01.webp,tapetech-CA07-FHTT-01.webp
tapetech-CA08TT-06.webp,tapetech-CA08TT-06.webp
tapetech-CA08TT-XHTT-01.webp,tapetech-15TTE-XHTT-01.webp
tapetech-CAA-TT-01.webp,tapetech-BAN001-TT-01.webp
tapetech-CAA-TT-02.webp,tapetech-BAN001-TT-004.webp
tapetech-CAA-TT-03.webp,tapetech-BAN001-TT-03.webp
tapetech-CAA-TT-04.webp,tapetech-BAN001-TT-04.webp
tapetech-CAA-TT-05.webp,tapetech-BAN001-TT-01.webp
tapetech-CAA-TT-06.webp,tapetech-BAN001-TT-004.webp
tapetech-CFA-TT-01.webp,tapetech-BAN001-TT-01.webp
tapetech-CK06CSTT-06.webp,tapetech-CK06CSTT-06.webp
tapetech-CK06CSTT-06.webp,tapetech-CK06CSTT-06.webp
tapetech-CK06CSTT-06.webp,tapetech-CK06CSTT-06.webp
tapetech-CK06CSTT-06.webp,tapetech-CK06CSTT-06.webp
tapetech-CK06CSTT-06.webp,tapetech-CK06CSTT-06.webp
tapetech-CN-TT-01.webp,tapetech-BAN001-TT-01.webp
tapetech-CN-TT-02.webp,tapetech-BAN001-TT-004.webp
tapetech-CN-TT-03.webp,tapetech-BAN001-TT-03.webp
tapetech-CNA-TT-01.webp,tapetech-BAN001-TT-01.webp
tapetech-CNA-TT-04.webp,tapetech-BAN001-TT-04.webp
tapetech-CNA-TT-05.webp,tapetech-BAN001-TT-05.webp
tapetech-CROLL02-03.webp,tapetech-CROLL02-03.webp
tapetech-CROLL04-001.webp,tapetech-CROLL04-001.webp
tapetech-CROLL04-006.webp,tapetech-CROLL04-006.webp
tapetech-CROLL04-006.webp,tapetech-CROLL04-006.webp
tapetech-CT24TT-06.webp,tapetech-CT24TT-06.webp
tapetech-CT24TT-07.webp,tapetech-CT24TT-07.webp
tapetech-CT42TT-03.webp,tapetech-CT42TT-03.webp
tapetech-CT42TT-03.webp,tapetech-CT42TT-03.webp
tapetech-EADAPT-DEW-002.webp,tapetech-EADAPT-DEW-002.webp
tapetech-EADAPT-DEW-003.webp,tapetech-EADAPT-DEW-003.webp
tapetech-EADAPT-DEW-004.webp,tapetech-EADAPT-DEW-004.webp
tapetech-EADAPT-DEW-01.webp,tapetech-EADAPT-DEW-01.webp
tapetech-EADAPT-MAK-002.webp,tapetech-EADAPT-MAK-002.webp
tapetech-EADAPT-MAK-003.webp,tapetech-EADAPT-MAK-003.webp
tapetech-EADAPT-MAK-004.webp,tapetech-EADAPT-MAK-004.webp
tapetech-EADAPT-MAK-005.webp,tapetech-EADAPT-MAK-005.webp
tapetech-EADAPT-MAK-01.webp,tapetech-EADAPT-MAK-01.webp
tapetech-EADAPT-MIL-002.webp,tapetech-EADAPT-MIL-002.webp
tapetech-EADAPT-MIL-003.webp,tapetech-EADAPT-MIL-003.webp
tapetech-EADAPT-MIL-004.webp,tapetech-EADAPT-MIL-004.webp
tapetech-EADAPT-MIL-005.webp,tapetech-EADAPT-MIL-005.webp
tapetech-EADAPT-MIL-01.webp,tapetech-EADAPT-MIL-01.webp
tapetech-EBAT1850-ECHARGE50-01.webp,tapetech-EBAT1850-ECHARGE50-01.webp
tapetech-EDAPT-BSH-002.webp,tapetech-EDAPT-BSH-002.webp
tapetech-EDAPT-BSH-003.webp,tapetech-EDAPT-BSH-003.webp
tapetech-EDAPT-BSH-004.webp,tapetech-EDAPT-BSH-004.webp
tapetech-EDAPT-BSH-005.webp,tapetech-EDAPT-BSH-005.webp
tapetech-EDAPT-BSH-01.webp,tapetech-EDAPT-BSH-01.webp
tapetech-EEXSET3135-02.webp,tapetech-EEXSET3135-02.webp
tapetech-EFLOAT0512-G-01.webp,tapetech-EFLOAT0512-G-01.webp
tapetech-EFLOAT0512-G-02.webp,tapetech-EFLOAT0512-G-02.webp
tapetech-EFLOAT0512-G-03.webp,tapetech-EFLOAT0512-G-03.webp
tapetech-EFLOAT0512-N-01.webp,tapetech-EFLOAT0512-N-01.webp
tapetech-EFLOAT0512-N-02.webp,tapetech-EFLOAT0512-N-02.webp
tapetech-EFLOAT0512-N-03.webp,tapetech-EFLOAT0512-N-03.webp
tapetech-EFLOAT0512-W-01.webp,tapetech-EFLOAT0512-W-01.webp
tapetech-EFLOAT0512-W-02.webp,tapetech-EFLOAT0512-W-02.webp
tapetech-EFLOAT0512-W-03.webp,tapetech-EFLOAT0512-W-03.webp
tapetech-EHC07-14.webp,tapetech-EHC07-14.webp
tapetech-EHC07-15.webp,tapetech-EHC07-15.webp
tapetech-EHC07-16.webp,tapetech-EHC07-16.webp
tapetech-EHC07-17.webp,tapetech-EHC07-17.webp
tapetech-EHC07-18.webp,tapetech-EHC07-18.webp
tapetech-EHC07-19.webp,tapetech-EHC07-19.webp
tapetech-EHC10-15.webp,tapetech-EHC10-15.webp
tapetech-EHC10-15.webp,tapetech-EHC10-15.webp
tapetech-EHC10-15.webp,tapetech-EHC10-15.webp
tapetech-EHC10-16.webp,tapetech-EHC10-16.webp
tapetech-EHC10-10.webp,tapetech-EHC10-10.webp
tapetech-EHC10-11.webp,tapetech-EHC10-11.webp
tapetech-EHC10-14.webp,tapetech-EHC10-14.webp
tapetech-EHC10-15.webp,tapetech-EHC10-15.webp
tapetech-EHC10-16.webp,tapetech-EHC10-16.webp
tapetech-EHC12-15.webp,tapetech-EHC12-15.webp
tapetech-EHC12-11.webp,tapetech-EHC12-11.webp
tapetech-EHC12-12.webp,tapetech-EHC12-12.webp
tapetech-EHC12-13.webp,tapetech-EHC12-13.webp
tapetech-EHC12-14.webp,tapetech-EHC12-14.webp
tapetech-EHC12-15.webp,tapetech-EHC12-15.webp
tapetech-EHWJS02-EHWJS02-01.webp,tapetech-EHWJS02-EHWJS02-01.webp
tapetech-EHWJS02-EHWJS02-02.webp,tapetech-EHWJS02-EHWJS02-02.webp
tapetech-EHWJS02-EHWJS02-03.webp,tapetech-EHWJS02-EHWJS02-03.webp
tapetech-EHWJS02-EHWJS02-04.webp,tapetech-EHWJS02-EHWJS02-04.webp
tapetech-EHWJS03-EHWJS03-01.webp,tapetech-EHWJS03-EHWJS03-01.webp
tapetech-EHWJS03-EHWJS03-02.webp,tapetech-EHWJS03-EHWJS03-02.webp
tapetech-EHWJS03-EHWJS03-03.webp,tapetech-EHWJS03-EHWJS03-03.webp
tapetech-EHWJS03-EHWJS03-04.webp,tapetech-EHWJS03-EHWJS03-04.webp
tapetech-EIFSAND-FLEXDRIVE-002.webp,tapetech-EIFSAND-FLEXDRIVE-002.webp
tapetech-EIFSAND-FLEXDRIVE-003.webp,tapetech-EIFSAND-FLEXDRIVE-003.webp
tapetech-EIFSAND-FLEXDRIVE-004.webp,tapetech-EIFSAND-FLEXDRIVE-004.webp
tapetech-EIFSAND-FLEXDRIVE-005.webp,tapetech-EIFSAND-FLEXDRIVE-005.webp
tapetech-EIFSAND-FLEXDRIVE-01.webp,tapetech-EIFSAND-FLEXDRIVE-01.webp
tapetech-EIFSSANDINGPACK-02.webp,tapetech-EIFSSANDINGPACK-02.webp
tapetech-EIN5090-02.webp,tapetech-EIN5090-02.webp
tapetech-EMAGDARBY48-SM-01.webp,tapetech-EMAGDARBY48-SM-01.webp
tapetech-ESLED02-ESLED02-002.webp,tapetech-ESLED02-ESLED02-002.webp
tapetech-ESLED02-ESLED02-003.webp,tapetech-ESLED02-ESLED02-003.webp
tapetech-ESLED02-ESLED02-004.webp,tapetech-ESLED02-ESLED02-004.webp
tapetech-ESLED02-ESLED02-01.webp,tapetech-ESLED02-ESLED02-01.webp
tapetech-EZ07TT-11.webp,tapetech-EZ07TT-11.webp
tapetech-EZ07TT-12.webp,tapetech-EZ07TT-12.webp
tapetech-EZ07TT-13.webp,tapetech-EZ07TT-13.webp
tapetech-EZ07TT-14.webp,tapetech-EZ07TT-14.webp
tapetech-EZ07TT-15.webp,tapetech-EZ07TT-15.webp
tapetech-EZ07TT-16.webp,tapetech-EZ07TT-16.webp
tapetech-EZ10TT-06.webp,tapetech-EZ10TT-06.webp
tapetech-EZ12TT-06.webp,tapetech-EZ12TT-06.webp
tapetech-EZ15TT-10.webp,tapetech-EZ15TT-10.webp
tapetech-EZ15TT-11.webp,tapetech-EZ15TT-11.webp
tapetech-EZ15TT-12.webp,tapetech-EZ15TT-12.webp
tapetech-EZ15TT-13.webp,tapetech-EZ15TT-13.webp
tapetech-EZ15TT-14.webp,tapetech-EZ15TT-14.webp
tapetech-EZ15TT-15.webp,tapetech-EZ15TT-15.webp
tapetech-EZ15TT-16.webp,tapetech-EZ15TT-16.webp
tapetech-EZ15TT-17.webp,tapetech-EZ15TT-17.webp
tapetech-EZ15TT-18.webp,tapetech-EZ15TT-18.webp
tapetech-EZROLL-KIT-01.webp,tapetech-EZROLL-KIT-01.webp
tapetech-FHTT-CAA-TT-01.webp,tapetech-BAN001-TT-01.webp
tapetech-FHTT-CC-002.webp,tapetech-FHTT-CC-002.webp
tapetech-FHTT-CC-003.webp,tapetech-FHTT-CC-003.webp
tapetech-FHTT-CC-004.webp,tapetech-FHTT-CC-004.webp
tapetech-FHTT-CC-01.webp,tapetech-FHTT-CC-01.webp
tapetech-FHTT-CFA-01.webp,tapetech-FHTT-CFA-01.webp
tapetech-FHTT-CFA-02.webp,tapetech-FHTT-CFA-02.webp
tapetech-FHTT-NSA-01.webp,tapetech-FHTT-NSA-01.webp
tapetech-FHTT-NSA-02.webp,tapetech-FHTT-NSA-02.webp
tapetech-FHTT-NSA-05.webp,tapetech-FHTT-NSA-05.webp
tapetech-PFKHATT-01.webp,tapetech-PFKHATT-01.webp
tapetech-XHTT-PFKHATT-01.webp,tapetech-XHTT-PFKHATT-01.webp
tapetech-FHTT-PFKHATT-002.webp,tapetech-FHTT-PFKHATT-002.webp
tapetech-FHTT-PFKHATT-003.webp,tapetech-FHTT-PFKHATT-003.webp
tapetech-PFKHATT-01.webp,tapetech-PFKHATT-01.webp
tapetech-HWK001-PS-01.webp,tapetech-HWK001-PS-01.webp
tapetech-HWK001-PS-02.webp,tapetech-HWK001-PS-02.webp
tapetech-HWK002-BLK-01.webp,tapetech-HWK002-BLK-01.webp
tapetech-HWK002-BLK-02.webp,tapetech-HWK002-BLK-02.webp
tapetech-HWK002-BLK-03.webp,tapetech-HWK002-BLK-03.webp
tapetech-KN-02.webp,tapetech-KN-02.webp
tapetech-KN-03.webp,tapetech-KN-02.webp
tapetech-KN-04.webp,tapetech-KN-02.webp
tapetech-MP12TT-07.webp,tapetech-MP12TT-07.webp
tapetech-MP14TT-02.webp,tapetech-MP14TT-02.webp
tapetech-MWS-ACC-01.webp,tapetech-MWS-ACC-01.webp
tapetech-MWS-PK01-01.webp,tapetech-MWS-PK01-01.webp
tapetech-MWS-PK01-02.webp,tapetech-MWS-PK01-02.webp
tapetech-MWS-PK01-03.webp,tapetech-MWS-PK01-03.webp
tapetech-MWS01-LW-01.webp,tapetech-MWS01-LW-01.webp
tapetech-MWS01-LW-02.webp,tapetech-MWS01-LW-02.webp
tapetech-MWS01-LW-03.webp,tapetech-MWS01-LW-03.webp
tapetech-MWS01-TT-01.webp,tapetech-BAN001-TT-01.webp
tapetech-MWS01-TT-02.webp,tapetech-BAN001-TT-004.webp
tapetech-MWS01-TT-03.webp,tapetech-BAN001-TT-03.webp
tapetech-MWS01-TT-04.webp,tapetech-BAN001-TT-04.webp
tapetech-MWS01-TT-05.webp,tapetech-BAN001-TT-05.webp
tapetech-MWS01-TT-06.webp,tapetech-BAN001-TT-06.webp
tapetech-MWS01-TT-07.webp,tapetech-BAN001-TT-07.webp
tapetech-MWS01-TT-08.webp,tapetech-BAN001-TT-08.webp
tapetech-MWS01-TT-09.webp,tapetech-BAN001-TT-09.webp
tapetech-MWS01-TT-10.webp,tapetech-BAN001-TT-10.webp
tapetech-MWS01-TT-11.webp,tapetech-BAN001-TT-11.webp
tapetech-MWS01-TT-12.webp,tapetech-BAN001-TT-12.webp
tapetech-MWS01-TT-13.webp,tapetech-BAN001-TT-13.webp
tapetech-MWS01-TT-14.webp,tapetech-BAN001-TT-14.webp
tapetech-MWS01-TT-15.webp,tapetech-MWS01-TT-15.webp
tapetech-MWS01-TT-16.webp,tapetech-MWS01-TT-16.webp
tapetech-MWS01-TT-17.webp,tapetech-MWS01-TT-17.webp
tapetech-MWS01-TT-18.webp,tapetech-MWS01-TT-18.webp
tapetech-NS02-FHTT-01.webp,tapetech-CA07-FHTT-01.webp
tapetech-NS03-FHTT-01.webp,tapetech-CA07-FHTT-01.webp
tapetech-NSA-TT-01.webp,tapetech-BAN001-TT-01.webp
tapetech-PAHC07-10.webp,tapetech-PAHC07-10.webp
tapetech-PAHC07-11.webp,tapetech-PAHC07-11.webp
tapetech-PAHC07-13.webp,tapetech-PAHC07-13.webp
tapetech-PAHC07-17.webp,tapetech-PAHC07-17.webp
tapetech-PAHC07-18.webp,tapetech-PAHC07-18.webp
tapetech-PAHC07-19.webp,tapetech-PAHC07-19.webp
tapetech-PAHC10-14.webp,tapetech-PAHC10-14.webp
tapetech-PAHC10-15.webp,tapetech-PAHC10-15.webp
tapetech-PAHC10-16.webp,tapetech-PAHC10-16.webp
tapetech-PAHC10-17.webp,tapetech-PAHC10-17.webp
tapetech-PAHC10-18.webp,tapetech-PAHC10-18.webp
tapetech-PAHC10-19.webp,tapetech-PAHC10-19.webp
tapetech-PAHC10-20.webp,tapetech-PAHC10-20.webp
tapetech-PAHC12-11.webp,tapetech-PAHC12-11.webp
tapetech-PAHC12-12.webp,tapetech-PAHC12-12.webp
tapetech-PAHC12-13.webp,tapetech-PAHC12-13.webp
tapetech-PAHC12-14.webp,tapetech-PAHC12-14.webp
tapetech-PAHC12-15.webp,tapetech-PAHC12-15.webp
tapetech-PAHC12-16.webp,tapetech-PAHC12-16.webp
tapetech-PK35CSTT-05.webp,tapetech-PK35CSTT-05.webp
tapetech-PK35CSTT-05.webp,tapetech-PK35CSTT-05.webp
tapetech-PK35CSTT-05.webp,tapetech-PK35CSTT-05.webp
tapetech-PK35CSTT-05.webp,tapetech-PK35CSTT-05.webp
tapetech-QB06-QSX-01.webp,tapetech-QB06-QSX-01.webp
tapetech-QB06-QSX-02.webp,tapetech-QB06-QSX-02.webp
tapetech-QB06-QSX-03.webp,tapetech-QB06-QSX-03.webp
tapetech-QB06-QSX-04.webp,tapetech-QB06-QSX-04.webp
tapetech-QB06-QSX-05.webp,tapetech-QB06-QSX-05.webp
tapetech-QB06-QSX-06.webp,tapetech-QB06-QSX-06.webp
tapetech-QB06-QSX-07.webp,tapetech-QB06-QSX-07.webp
tapetech-QB06-QSX-08.webp,tapetech-QB06-QSX-08.webp
tapetech-QB06-QSX-09.webp,tapetech-QB06-QSX-09.webp
tapetech-QB06-QSX-10.webp,tapetech-QB06-QSX-01.webp
tapetech-QB06-QSX-11.webp,tapetech-QB06-QSX-02.webp
tapetech-QB06-QSX-12.webp,tapetech-QB06-QSX-03.webp
tapetech-QB06-QSX-13.webp,tapetech-QB06-QSX-04.webp
tapetech-QB06-QSX-14.webp,tapetech-QB06-QSX-05.webp
tapetech-QB06-QSX-15.webp,tapetech-QB06-QSX-06.webp
tapetech-QB06-QSX-16.webp,tapetech-QB06-QSX-07.webp
tapetech-QB06-QSX-17.webp,tapetech-QB06-QSX-08.webp
tapetech-QB06-QSX-18.webp,tapetech-QB06-QSX-09.webp
tapetech-QB08-QSX-01.webp,tapetech-QB06-QSX-01.webp
tapetech-QB08-QSX-02.webp,tapetech-QB06-QSX-02.webp
tapetech-QB08-QSX-03.webp,tapetech-QB06-QSX-03.webp
tapetech-QB08-QSX-04.webp,tapetech-QB06-QSX-01.webp
tapetech-QB08-QSX-05.webp,tapetech-QB06-QSX-02.webp
tapetech-QB08-QSX-06.webp,tapetech-QB06-QSX-03.webp
tapetech-QB08-QSX-07.webp,tapetech-QB06-QSX-04.webp
tapetech-QB08-QSX-08.webp,tapetech-QB06-QSX-05.webp
tapetech-QB08-QSX-09.webp,tapetech-QB06-QSX-06.webp
tapetech-QB08-QSX-10.webp,tapetech-QB06-QSX-07.webp
tapetech-QB08-QSX-11.webp,tapetech-QB06-QSX-08.webp
tapetech-QB08-QSX-12.webp,tapetech-QB06-QSX-09.webp
tapetech-QB08-QSX-13.webp,tapetech-QB08-QSX-13.webp
tapetech-TAPETECH12INX4-7INPREMIUMGOLDCURVEDFINISHINGTROWEL-002.webp,tapetech-TAPETECH12INX4-7INPREMIUMGOLDCURVEDFINISHINGTROWEL-002.webp
tapetech-TAPETECH12INX4-7INPREMIUMGOLDCURVEDFINISHINGTROWEL-003.webp,tapetech-TAPETECH12INX4-7INPREMIUMGOLDCURVEDFINISHINGTROWEL-003.webp
tapetech-TAPETECH12INX4-7INPREMIUMGOLDCURVEDFINISHINGTROWEL-004.webp,tapetech-TAPETECH12INX4-7INPREMIUMGOLDCURVEDFINISHINGTROWEL-004.webp
tapetech-TAPETECH12INX4-7INPREMIUMGOLDCURVEDFINISHINGTROWEL-005.webp,tapetech-TAPETECH12INX4-7INPREMIUMGOLDCURVEDFINISHINGTROWEL-005.webp
tapetech-TAPETECH12INX4-7INPREMIUMGOLDCURVEDFINISHINGTROWEL-01.webp,tapetech-TAPETECH12INX4-7INPREMIUMGOLDCURVEDFINISHINGTROWEL-01.webp
tapetech-TAPETECH12X5EIFSUNOTCHTROWEL-001.webp,tapetech-TAPETECH12X5EIFSUNOTCHTROWEL-001.webp
tapetech-TAPETECH12X5EIFSUNOTCHTROWEL-003.webp,tapetech-TAPETECH12X5EIFSUNOTCHTROWEL-001.webp
tapetech-TAPETECH12X5EIFSUNOTCHTROWEL-02.webp,tapetech-TAPETECH12X5EIFSUNOTCHTROWEL-02.webp
tapetech-TAPETECH12X5EIFSUNOTCHTROWEL-03.webp,tapetech-TAPETECH12X5EIFSUNOTCHTROWEL-02.webp
tapetech-TAPETECH5-5INMINIROUNDEDTROWEL-01.webp,tapetech-TAPETECH5-5INMINIROUNDEDTROWEL-01.webp
tapetech-TAPETECH5-5INMINITRIANGULARTROWEL-01.webp,tapetech-TAPETECH5-5INMINITRIANGULARTROWEL-01.webp
tapetech-TAPETECHGOLDSTAINLESSSTEELFINISHINGTROWEL-001.webp,tapetech-TAPETECHGOLDSTAINLESSSTEELFINISHINGTROWEL-001.webp
tapetech-TAPETECHGOLDSTAINLESSSTEELFINISHINGTROWEL-02.webp,tapetech-TAPETECHGOLDSTAINLESSSTEELFINISHINGTROWEL-02.webp
tapetech-TAPETECHGOLDSTAINLESSSTEELPOOLTROWEL-001.webp,tapetech-TAPETECHGOLDSTAINLESSSTEELPOOLTROWEL-001.webp
tapetech-TAPETECHGOLDSTAINLESSSTEELPOOLTROWEL-015.webp,tapetech-TAPETECHGOLDSTAINLESSSTEELPOOLTROWEL-015.webp
tapetech-TAPETECHGOLDSTAINLESSSTEELPOOLTROWEL-016.webp,tapetech-TAPETECHGOLDSTAINLESSSTEELPOOLTROWEL-016.webp
tapetech-TAPETECHGOLDSTAINLESSSTEELPOOLTROWEL-017.webp,tapetech-TAPETECHGOLDSTAINLESSSTEELPOOLTROWEL-017.webp
tapetech-TAPETECHGOLDSTAINLESSSTEELPOOLTROWEL-014.webp,tapetech-TAPETECHGOLDSTAINLESSSTEELPOOLTROWEL-001.webp
tapetech-TAPETECHGOLDSTAINLESSSTEELPOOLTROWEL-015.webp,tapetech-TAPETECHGOLDSTAINLESSSTEELPOOLTROWEL-015.webp
tapetech-TAPETECHGOLDSTAINLESSSTEELPOOLTROWEL-016.webp,tapetech-TAPETECHGOLDSTAINLESSSTEELPOOLTROWEL-016.webp
tapetech-TAPETECHGOLDSTAINLESSSTEELPOOLTROWEL-017.webp,tapetech-TAPETECHGOLDSTAINLESSSTEELPOOLTROWEL-017.webp
tapetech-TAPETECHGOLDSTAINLESSSTEELPOOLTROWEL-014.webp,tapetech-TAPETECHGOLDSTAINLESSSTEELPOOLTROWEL-001.webp
tapetech-TAPETECHGOLDSTAINLESSSTEELPOOLTROWEL-015.webp,tapetech-TAPETECHGOLDSTAINLESSSTEELPOOLTROWEL-015.webp
tapetech-TAPETECHGOLDSTAINLESSSTEELPOOLTROWEL-016.webp,tapetech-TAPETECHGOLDSTAINLESSSTEELPOOLTROWEL-016.webp
tapetech-TAPETECHGOLDSTAINLESSSTEELPOOLTROWEL-017.webp,tapetech-TAPETECHGOLDSTAINLESSSTEELPOOLTROWEL-017.webp
tapetech-TAPETECHGOLDSTAINLESSSTEELPOOLTROWEL-015.webp,tapetech-TAPETECHGOLDSTAINLESSSTEELPOOLTROWEL-015.webp
tapetech-TAPETECHGOLDSTAINLESSSTEELPOOLTROWEL-014.webp,tapetech-TAPETECHGOLDSTAINLESSSTEELPOOLTROWEL-015.webp
tapetech-TAPETECHGOLDSTAINLESSSTEELPOOLTROWEL-016.webp,tapetech-TAPETECHGOLDSTAINLESSSTEELPOOLTROWEL-015.webp
tapetech-TAPETECHKNIFESET-02.webp,tapetech-TAPETECHKNIFESET-02.webp
tapetech-TAPETECHPKFPARTSKITEND-CAPS-01.webp,tapetech-TAPETECHPKFPARTSKITEND-CAPS-01.webp
tapetech-TAPETECHSTIFFINSIDECORNEREDGERFOR90CORNERS-02.webp,tapetech-TAPETECHSTIFFINSIDECORNEREDGERFOR90CORNERS-02.webp
tapetech-TAPETECHSTIFFINSIDECORNEREDGERFOR90CORNERS-03.webp,tapetech-TAPETECHSTIFFINSIDECORNEREDGERFOR90CORNERS-02.webp
tapetech-TAPETECHSTIFFINSIDECORNEREDGERFOR90CORNERS-04.webp,tapetech-TAPETECHSTIFFINSIDECORNEREDGERFOR90CORNERS-02.webp
tapetech-TAPETECHSTIFFOUTSIDECORNEREDGERFOR135CORNERS-02.webp,tapetech-TAPETECHSTIFFOUTSIDECORNEREDGERFOR135CORNERS-02.webp
tapetech-TAPETECHSTIFFOUTSIDECORNEREDGERFOR135CORNERS-03.webp,tapetech-TAPETECHSTIFFOUTSIDECORNEREDGERFOR135CORNERS-02.webp
tapetech-TAPETECHSTIFFOUTSIDECORNEREDGERFOR90CORNERS-02.webp,tapetech-TAPETECHSTIFFOUTSIDECORNEREDGERFOR90CORNERS-02.webp
tapetech-TAPETECHSTIFFOUTSIDECORNEREDGERFOR90CORNERS-03.webp,tapetech-TAPETECHSTIFFOUTSIDECORNEREDGERFOR90CORNERS-02.webp
tapetech-TAPETECHSTIFFOUTSIDECORNEREDGERFOR90CORNERS-04.webp,tapetech-TAPETECHSTIFFOUTSIDECORNEREDGERFOR90CORNERS-02.webp
tapetech-TG110565-PS-01.webp,tapetech-HWK001-PS-01.webp
tapetech-TG110565-PS-02.webp,tapetech-HWK001-PS-01.webp
tapetech-TG110565-PSCU-01.webp,tapetech-TG110565-PSCU-01.webp
tapetech-TG12053-PS-01.webp,tapetech-HWK001-PS-01.webp
tapetech-TG12053-PS-02.webp,tapetech-HWK001-PS-02.webp
tapetech-TG12053-PS-03.webp,tapetech-TG12053-PS-03.webp
tapetech-TG12053-PS-04.webp,tapetech-TG12053-PS-04.webp
tapetech-TG12053-PS-05.webp,tapetech-TG12053-PS-05.webp
tapetech-TG12054-PS-01.webp,tapetech-HWK001-PS-01.webp
tapetech-TG12054-PS-02.webp,tapetech-HWK001-PS-02.webp
tapetech-TG12054-PS-03.webp,tapetech-TG12053-PS-03.webp
tapetech-TG12054-PS-04.webp,tapetech-TG12053-PS-04.webp
tapetech-TG12054-PS-05.webp,tapetech-TG12053-PS-05.webp
tapetech-TG120565-PS-01.webp,tapetech-HWK001-PS-01.webp
tapetech-TG120565-PS-02.webp,tapetech-HWK001-PS-02.webp
tapetech-TG120565-PSCU-01.webp,tapetech-TG110565-PSCU-01.webp
tapetech-TG120565-PSCU-02.webp,tapetech-TG120565-PSCU-02.webp
tapetech-TG120565-PSCU-03.webp,tapetech-TG120565-PSCU-03.webp
tapetech-TG120565-PSCU-04.webp,tapetech-TG120565-PSCU-04.webp
tapetech-TG14053-PS-01.webp,tapetech-HWK001-PS-01.webp
tapetech-TG14053-PS-02.webp,tapetech-HWK001-PS-02.webp
tapetech-TG14053-PS-03.webp,tapetech-TG12053-PS-03.webp
tapetech-TG14053-PS-04.webp,tapetech-TG12053-PS-04.webp
tapetech-TG14053-PS-05.webp,tapetech-TG12053-PS-05.webp
tapetech-TG14054-PS-01.webp,tapetech-HWK001-PS-01.webp
tapetech-TG14054-PS-02.webp,tapetech-HWK001-PS-02.webp
tapetech-TG14054-PS-03.webp,tapetech-TG12053-PS-03.webp
tapetech-TG14054-PS-04.webp,tapetech-TG12053-PS-04.webp
tapetech-TG14054-PS-05.webp,tapetech-TG12053-PS-05.webp
tapetech-TG140565-PS-01.webp,tapetech-HWK001-PS-01.webp
tapetech-TG140565-PS-02.webp,tapetech-HWK001-PS-02.webp
tapetech-TG140565-PSCU-05.webp,tapetech-TG120565-PSCU-02.webp
tapetech-TG140565-PSCU-05.webp,tapetech-TG120565-PSCU-03.webp
tapetech-TG140565-PSCU-05.webp,tapetech-TG120565-PSCU-04.webp
tapetech-TG140565-PSCU-05.webp,tapetech-TG140565-PSCU-05.webp
tapetech-TG16053-PS-01.webp,tapetech-HWK001-PS-01.webp
tapetech-TG16053-PS-02.webp,tapetech-HWK001-PS-02.webp
tapetech-TG16053-PS-03.webp,tapetech-TG12053-PS-03.webp
tapetech-TG16053-PS-04.webp,tapetech-TG12053-PS-04.webp
tapetech-TG16053-PS-05.webp,tapetech-TG12053-PS-05.webp
tapetech-TG16054-PS-01.webp,tapetech-HWK001-PS-01.webp
tapetech-TG16054-PS-02.webp,tapetech-HWK001-PS-02.webp
tapetech-TG16054-PS-03.webp,tapetech-TG12053-PS-03.webp
tapetech-TG16054-PS-04.webp,tapetech-TG12053-PS-04.webp
tapetech-TG16054-PS-05.webp,tapetech-TG12053-PS-05.webp
tapetech-TG160565-PS-01.webp,tapetech-HWK001-PS-01.webp
tapetech-TG160565-PS-02.webp,tapetech-HWK001-PS-02.webp
tapetech-TG18053-PS-01.webp,tapetech-HWK001-PS-01.webp
tapetech-TG18053-PS-02.webp,tapetech-HWK001-PS-02.webp
tapetech-TG18053-PS-03.webp,tapetech-TG12053-PS-03.webp
tapetech-TG18053-PS-04.webp,tapetech-TG12053-PS-04.webp
tapetech-TG18053-PS-05.webp,tapetech-TG12053-PS-05.webp
tapetech-TG18054-PS-01.webp,tapetech-HWK001-PS-01.webp
tapetech-TG18054-PS-02.webp,tapetech-HWK001-PS-02.webp
tapetech-TG18054-PS-03.webp,tapetech-TG12053-PS-03.webp
tapetech-TG18054-PS-04.webp,tapetech-TG12053-PS-04.webp
tapetech-TG18054-PS-05.webp,tapetech-TG12053-PS-05.webp
tapetech-TG180565-PS-01.webp,tapetech-HWK001-PS-01.webp
tapetech-TG180565-PS-02.webp,tapetech-HWK001-PS-02.webp
tapetech-TGP120565-PS-01.webp,tapetech-HWK001-PS-01.webp
tapetech-TGP120565-PS-02.webp,tapetech-HWK001-PS-02.webp
tapetech-TGP140565-PS-01.webp,tapetech-HWK001-PS-01.webp
tapetech-TGP140565-PS-02.webp,tapetech-HWK001-PS-02.webp
tapetech-TGP160565-PS-01.webp,tapetech-HWK001-PS-01.webp
tapetech-TGP160565-PS-02.webp,tapetech-HWK001-PS-02.webp
tapetech-TGP180565-PS-01.webp,tapetech-HWK001-PS-01.webp
tapetech-TGP180565-PS-02.webp,tapetech-HWK001-PS-02.webp
tapetech-TT-FULL-10-12-01.webp,tapetech-TT-FULL-10-12-01.webp
tapetech-TT-FULL-7-10-01.webp,tapetech-TT-FULL-7-10-01.webp
tapetech-TTFBC-02.webp,tapetech-TTFBC-02.webp
tapetech-TTPPS-EF-01.webp,tapetech-TTPPS-EF-01.webp
tapetech-TTTRAINING-PROSKILL-01.webp,tapetech-TTTRAINING-PROSKILL-01.webp
tapetech-V500-WCW-1306-10-002.webp,tapetech-V500-WCW-1306-10-002.webp
tapetech-V500-WCW-1306-10-01.webp,tapetech-V500-WCW-1306-10-01.webp
tapetech-WC18R-BLADE13W-002.webp,tapetech-WC18R-BLADE13W-002.webp
tapetech-WC18R-BLADE13W-003.webp,tapetech-WC18R-BLADE13W-003.webp
tapetech-WC18R-BLADE13W-01.webp,tapetech-WC18R-BLADE13W-01.webp
tapetech-WC18R-BLADE8W-002.webp,tapetech-WC18R-BLADE8W-002.webp
tapetech-WC18R-BLADE8W-003.webp,tapetech-WC18R-BLADE8W-003.webp
tapetech-WC18R-BLADE8W-01.webp,tapetech-WC18R-BLADE8W-01.webp
tapetech-WOOLCUT-10F-002.webp,tapetech-WOOLCUT-10F-002.webp
tapetech-WOOLCUT-10F-003.webp,tapetech-WOOLCUT-10F-003.webp
tapetech-WOOLCUT-10F-004.webp,tapetech-WOOLCUT-10F-004.webp
tapetech-WOOLCUT-10F-005.webp,tapetech-WOOLCUT-10F-005.webp
tapetech-WOOLCUT-10F-006.webp,tapetech-WOOLCUT-10F-006.webp
tapetech-WOOLCUT-10F-007.webp,tapetech-WOOLCUT-10F-007.webp
tapetech-WOOLCUT-10F-008.webp,tapetech-WOOLCUT-10F-008.webp
tapetech-WOOLCUT-10F-01.webp,tapetech-WOOLCUT-10F-01.webp
tapetech-WOOLCUT-10F2-002.webp,tapetech-WOOLCUT-10F2-002.webp
tapetech-WOOLCUT-10F2-003.webp,tapetech-WOOLCUT-10F2-003.webp
tapetech-WOOLCUT-10F2-004.webp,tapetech-WOOLCUT-10F2-004.webp
tapetech-WOOLCUT-10F2-01.webp,tapetech-WOOLCUT-10F2-01.webp
tapetech-WOOLCUT-BS-002.webp,tapetech-WOOLCUT-BS-002.webp
tapetech-WOOLCUT-BS-003.webp,tapetech-WOOLCUT-BS-003.webp
tapetech-WOOLCUT-BS-01.webp,tapetech-WOOLCUT-BS-01.webp
tapetech-WOOLCUT-HS22-002.webp,tapetech-WOOLCUT-HS22-002.webp
tapetech-WOOLCUT-HS22-003.webp,tapetech-WOOLCUT-HS22-003.webp
tapetech-WOOLCUT-HS22-004.webp,tapetech-WOOLCUT-HS22-004.webp
tapetech-WOOLCUT-HS22-01.webp,tapetech-WOOLCUT-HS22-01.webp
tapetech-WOOLCUT18-R-002.webp,tapetech-WOOLCUT18-R-002.webp
tapetech-WOOLCUT18-R-003.webp,tapetech-WOOLCUT18-R-003.webp
tapetech-WOOLCUT18-R-004.webp,tapetech-WOOLCUT18-R-004.webp
tapetech-WOOLCUT18-R-01.webp,tapetech-WOOLCUT18-R-01.webp
tapetech-X1-HDL-01.webp,tapetech-X1-HDL-01.webp
tapetech-XHTT-CAA-TT-01.webp,tapetech-BAN001-TT-01.webp
tapetech-XHTT-CFA-01.webp,tapetech-FHTT-CFA-01.webp
tapetech-XHTT-CFA-02.webp,tapetech-FHTT-CFA-02.webp
tapetech-XHTT-NSA-01.webp,tapetech-FHTT-NSA-01.webp
tapetech-XHTT-NSA-02.webp,tapetech-FHTT-NSA-02.webp
tapetech-XHTT-NSA-05.webp,tapetech-XHTT-NSA-05.webp
tapetech-XHTT-NSA-05.webp,tapetech-FHTT-NSA-05.webp
tapetech-PFKHATT-01.webp,tapetech-PFKHATT-01.webp
